strategy_id,strategy_family_id,strategy_name,alternative_names,strategy_category,strategy_subcategory,verification_status,repository_name,repository_url,source_file_path,permanent_source_url,commit_sha,source_type,canonical_source_status,related_sources,language,platform,framework,market_types,example_instruments,expected_timeframes,long_short_direction,required_data,alternative_data_required,indicators_or_features,normalized_entry_rules,normalized_exit_rules,stop_loss_rules,take_profit_rules,trailing_stop_rules,position_sizing_rules,portfolio_construction_rules,execution_assumptions,important_parameters,framework_agnostic_rule_summary,claimed_backtest_results,result_source,transaction_costs_modeled,slippage_modeled,tests_present,sample_data_present,lookahead_or_repainting_risk,other_bias_risks,martingale_or_unbounded_risk,code_completeness_score,rule_clarity_score,reproducibility_score,portability_score,maintenance_status,last_commit_date,stars,forks,license,reuse_notes,duplicate_group,research_notes
STRAT-0001,FAM-BB-RSI-REV,Bollinger Band RSI Reversion,"[""BbandRsi""]",Mean reversion,RSI and Bollinger Band reversal,verified from executable source,freqtrade/freqtrade-strategies,https://github.com/freqtrade/freqtrade-strategies,user_data/strategies/berlinguyinca/BbandRsi.py,https://github.com/freqtrade/freqtrade-strategies/blob/eff78d3ce3456b52c68a4e9a33cc055a56b801ff/user_data/strategies/berlinguyinca/BbandRsi.py,eff78d3ce3456b52c68a4e9a33cc055a56b801ff,public GitHub repository source file,reviewed implementation; canonical origin not established,[],Python,Freqtrade,Freqtrade,"[""cryptocurrency spot""]","[""exchange trading pairs""]","[""1 hour""]",long only,"[""OHLCV""]",[],"[""RSI(14)"", ""Bollinger Bands(20, 2 standard deviations) on typical price""]",Open long when RSI is below 30 and close is below the lower Bollinger Band.,Signal exit when RSI rises above 70. Framework ROI and stop-loss rules may close earlier.,Fixed maximum loss of 25% from entry through Freqtrade stoploss=-0.25.,Minimal ROI schedule requests 10% from trade open.,not implemented,framework default or fixed quantity,single-strategy position; no portfolio construction,bar-based execution using framework defaults,"[""RSI 14"", ""RSI entry 30"", ""RSI exit 70"", ""BB 20 x 2"", ""ROI 10%"", ""stop 25%""]","On each 1-hour bar, buy when price closes below the lower 20-bar Bollinger Band and RSI(14) is below 30. Exit when RSI exceeds 70, or at the configured 10% profit target or 25% stop.",No profitability claim relied upon.,No independently verified result used.,not in strategy file; Freqtrade configuration dependent,not in strategy file,strategy-specific tests not identified,not identified,No obvious future-data access found in static review.,"[""No volume or liquidity filter."", ""Large 25% stop can dominate short-term signal behavior.""]",No explicit martingale found.,5,5,4,5,active,2026-08-12,5418,1434,GPL-3.0,Studying and internal experimentation are practical. Modification and redistribution must respect GPL-3.0 obligations.,FAM-BB-RSI-REV,Simple and highly portable deterministic OHLCV strategy.
STRAT-0002,FAM-ADX-MOMENTUM,ADX Momentum Directional Trend,"[""ADXMomentum""]",Trend and momentum,"ADX, directional movement and momentum",verified from executable source,freqtrade/freqtrade-strategies,https://github.com/freqtrade/freqtrade-strategies,user_data/strategies/berlinguyinca/ADXMomentum.py,https://github.com/freqtrade/freqtrade-strategies/blob/eff78d3ce3456b52c68a4e9a33cc055a56b801ff/user_data/strategies/berlinguyinca/ADXMomentum.py,eff78d3ce3456b52c68a4e9a33cc055a56b801ff,public GitHub repository source file,ported implementation; source comments attribute an earlier Mynt strategy,[],Python,Freqtrade,Freqtrade,"[""cryptocurrency spot""]",[],"[""1 hour""]",long only,"[""OHLCV""]",[],"[""ADX(14)"", ""PLUS_DI(25)"", ""MINUS_DI(25)"", ""MOM(14)"", ""Parabolic SAR computed but unused""]","Open long when ADX exceeds 25, momentum is positive, plus DI exceeds 25, and plus DI is above minus DI.","Exit when ADX exceeds 25, momentum is negative, minus DI exceeds 25, and minus DI is above plus DI.",Fixed 25% stop.,Minimal ROI target of 1%.,not implemented,framework default or fixed quantity,single-strategy position; no portfolio construction,bar-based execution using framework defaults,"[""ADX 14 > 25"", ""DI 25"", ""MOM 14"", ""ROI 1%"", ""stop 25%""]","Trade long with strong positive directional movement: ADX above 25, positive momentum, and +DI dominant above 25. Exit under the symmetric negative condition, or through ROI/stop rules.",No profitability claim relied upon.,No independently verified result used.,not in strategy file; Freqtrade configuration dependent,not in strategy file,strategy-specific tests not identified,not identified,No obvious future-data access found in static review.,"[""Parabolic SAR is calculated but has no effect."", ""Threshold combination may be highly parameter sensitive.""]",No explicit martingale found.,5,5,4,5,active,2026-08-12,5418,1434,GPL-3.0,Studying and internal experimentation are practical. Modification and redistribution must respect GPL-3.0 obligations.,FAM-ADX-MOMENTUM,Executable behavior was classified rather than relying on the unused SAR calculation.
STRAT-0003,FAM-BINHV45,BinHV45 Capitulation Entry,"[""BinHV45""]",Mean reversion,Volatility capitulation,verified from executable source,freqtrade/freqtrade-strategies,https://github.com/freqtrade/freqtrade-strategies,user_data/strategies/berlinguyinca/BinHV45.py,https://github.com/freqtrade/freqtrade-strategies/blob/eff78d3ce3456b52c68a4e9a33cc055a56b801ff/user_data/strategies/berlinguyinca/BinHV45.py,eff78d3ce3456b52c68a4e9a33cc055a56b801ff,public GitHub repository source file,reviewed implementation; canonical origin not established,[],Python,Freqtrade,Freqtrade,"[""cryptocurrency spot""]",[],"[""1 minute""]",long only,"[""OHLCV""]",[],"[""Bollinger lower band over 40 bars"", ""lower-band delta"", ""close delta"", ""candle tail""]","Open long when the prior lower Bollinger Band is positive, band expansion and close movement exceed configured multiples, and close is sufficiently below the prior lower band.",No signal exit. Freqtrade closes using ROI or stop-loss.,Fixed 5% stop.,Minimal ROI target of 1.25%.,not implemented,framework default or fixed quantity,single-strategy position; no portfolio construction,bar-based execution using framework defaults,"[""BB window 40"", ""bbdelta-close multiplier"", ""closedelta-close multiplier"", ""tail-band multiplier"", ""ROI 1.25%"", ""stop 5%""]",Detect a sharp downside capitulation relative to a 40-bar lower Bollinger envelope and buy. Hold until the 1.25% profit target or 5% stop is reached.,No profitability claim relied upon.,No independently verified result used.,not in strategy file; Freqtrade configuration dependent,not in strategy file,strategy-specific tests not identified,not identified,No obvious future-data access found in static review.,"[""Very short timeframe without explicit spread or liquidity controls."", ""Some default parameter values appear outside declared optimization ranges.""]",No explicit martingale found.,4,4,4,4,active,2026-08-12,5418,1434,GPL-3.0,Studying and internal experimentation are practical. Modification and redistribution must respect GPL-3.0 obligations.,FAM-BINHV45,Signal exit is intentionally absent; lifecycle depends on ROI and stop configuration.
STRAT-0004,FAM-COMBINED-BB-CLUC,Combined BinHV45 and Cluc Reversion,"[""CombinedBinHAndCluc""]",Mean reversion,Composite Bollinger and EMA capitulation,verified from executable source,freqtrade/freqtrade-strategies,https://github.com/freqtrade/freqtrade-strategies,user_data/strategies/berlinguyinca/CombinedBinHAndCluc.py,https://github.com/freqtrade/freqtrade-strategies/blob/eff78d3ce3456b52c68a4e9a33cc055a56b801ff/user_data/strategies/berlinguyinca/CombinedBinHAndCluc.py,eff78d3ce3456b52c68a4e9a33cc055a56b801ff,public GitHub repository source file,reviewed implementation; canonical origin not established,"[""BinHV45.py""]",Python,Freqtrade,Freqtrade,"[""cryptocurrency spot""]",[],"[""5 minutes""]",long only,"[""OHLCV""]",[],"[""BinHV45 lower-band features"", ""Bollinger Bands(20,2)"", ""EMA(50)"", ""volume""]","Enter when either the BinHV45 capitulation condition is true, or close is below EMA(50), below 98.5% of the 20-bar lower Bollinger Band, and volume is positive.",Exit when close rises above the Bollinger middle band. Exit signals are configured to apply only when profitable.,Fixed 5% stop.,Minimal ROI target of 5%; middle-band exit can realize profit earlier.,not implemented,framework default or fixed quantity,single-strategy position; no portfolio construction,bar-based execution using framework defaults,"[""BB 40 and BB 20"", ""EMA 50"", ""lower-band factor 0.985"", ""ROI 5%"", ""stop 5%""]","Buy either a BinHV45-style capitulation or an EMA-filtered close below a 20-bar lower Bollinger Band. Exit after price recovers above the Bollinger basis, subject to profitable-exit configuration, or at ROI/stop.",No profitability claim relied upon.,No independently verified result used.,not in strategy file; Freqtrade configuration dependent,not in strategy file,strategy-specific tests not identified,not identified,No obvious future-data access found in static review.,"[""Profit-only signal exits may defer losses to the hard stop."", ""Composite OR entry increases parameter interaction and overfitting risk.""]",No explicit martingale found.,5,4,4,4,active,2026-08-12,5418,1434,GPL-3.0,Studying and internal experimentation are practical. Modification and redistribution must respect GPL-3.0 obligations.,FAM-COMBINED-BB-CLUC,"Material composite variant, not a simple parameter duplicate of BinHV45."
STRAT-0005,FAM-MULTI-SUPERTREND,Triple Supertrend Consensus,"[""Supertrend""]",Trend and momentum,Multiple Supertrend confirmation,verified from executable source,freqtrade/freqtrade-strategies,https://github.com/freqtrade/freqtrade-strategies,user_data/strategies/Supertrend.py,https://github.com/freqtrade/freqtrade-strategies/blob/eff78d3ce3456b52c68a4e9a33cc055a56b801ff/user_data/strategies/Supertrend.py,eff78d3ce3456b52c68a4e9a33cc055a56b801ff,public GitHub repository source file,reviewed implementation; canonical origin not established,[],Python,Freqtrade,Freqtrade,"[""cryptocurrency spot""]",[],"[""1 hour""]",long only,"[""OHLCV""]",[],"[""three custom Supertrend direction calculations with different periods and multipliers""]",Open long when all three Supertrend direction states are upward.,Exit when all three Supertrend direction states are downward.,Fixed 26.5% stop.,"Time-based minimal ROI schedule, beginning around 18.7%.",Positive trailing stop configured with an offset.,framework default or fixed quantity,single-strategy position; no portfolio construction,bar-based execution using framework defaults,"[""three period/multiplier pairs"", ""stop 26.5%"", ""trailing offset and positive""]","Compute three Supertrend variants. Enter only when all agree on an uptrend; exit when all agree on a downtrend, with configured ROI, hard stop, and trailing stop overlays.",No profitability claim relied upon.,No independently verified result used.,not in strategy file; Freqtrade configuration dependent,not in strategy file,strategy-specific tests not identified,not identified,No obvious future-data access found in static review.,"[""Source warns the custom Supertrend implementation is not validated."", ""Large stop and many parameters create optimization risk.""]",No explicit martingale found.,4,4,3,3,active,2026-08-12,5418,1434,GPL-3.0,Studying and internal experimentation are practical. Modification and redistribution must respect GPL-3.0 obligations.,FAM-MULTI-SUPERTREND,"Grouped with Pine and MQL multi-Supertrend variants, but executable filters differ materially."
STRAT-0006,FAM-MA-CROSS-HA,EMA Cross with Heikin-Ashi Confirmation,"[""Strategy001""]",Trend and momentum,Moving-average cross with Heikin-Ashi filter,verified from executable source,freqtrade/freqtrade-strategies,https://github.com/freqtrade/freqtrade-strategies,user_data/strategies/Strategy001.py,https://github.com/freqtrade/freqtrade-strategies/blob/eff78d3ce3456b52c68a4e9a33cc055a56b801ff/user_data/strategies/Strategy001.py,eff78d3ce3456b52c68a4e9a33cc055a56b801ff,public GitHub repository source file,reviewed implementation; canonical origin not established,[],Python,Freqtrade,Freqtrade,"[""cryptocurrency spot""]",[],"[""5 minutes""]",long only,"[""OHLCV""]",[],"[""EMA(20)"", ""EMA(50)"", ""EMA(100)"", ""Heikin-Ashi candles""]","Enter when EMA(20) crosses above EMA(50), Heikin-Ashi close is above EMA(20), and the Heikin-Ashi candle is bullish.","Exit when EMA(50) crosses above EMA(100), Heikin-Ashi close is below EMA(20), and the Heikin-Ashi candle is bearish.",Fixed 10% stop.,Minimal ROI schedule configured in source.,not implemented,framework default or fixed quantity,single-strategy position; no portfolio construction,bar-based execution using framework defaults,"[""EMA 20/50/100"", ""Heikin-Ashi direction"", ""stop 10%""]","Buy a fast-over-medium EMA crossover confirmed by a bullish Heikin-Ashi candle above EMA(20). Exit on the coded EMA(50)-over-EMA(100) condition with bearish Heikin-Ashi confirmation, or through ROI/stop.",No profitability claim relied upon.,No independently verified result used.,not in strategy file; Freqtrade configuration dependent,not in strategy file,strategy-specific tests not identified,not identified,No obvious future-data access found in static review.,"[""The exit crossover direction is unusual and may not represent a conventional trend exit."", ""Synthetic Heikin-Ashi values differ from executable market prices.""]",No explicit martingale found.,5,4,4,4,active,2026-08-12,5418,1434,GPL-3.0,Studying and internal experimentation are practical. Modification and redistribution must respect GPL-3.0 obligations.,FAM-MA-CROSS-HA,
STRAT-0007,FAM-BB-RSI-REV,RSI Stochastic Bollinger Hammer Reversion,"[""Strategy002""]",Mean reversion,Multi-indicator oversold reversal,verified from executable source,freqtrade/freqtrade-strategies,https://github.com/freqtrade/freqtrade-strategies,user_data/strategies/Strategy002.py,https://github.com/freqtrade/freqtrade-strategies/blob/eff78d3ce3456b52c68a4e9a33cc055a56b801ff/user_data/strategies/Strategy002.py,eff78d3ce3456b52c68a4e9a33cc055a56b801ff,public GitHub repository source file,reviewed implementation; canonical origin not established,[],Python,Freqtrade,Freqtrade,"[""cryptocurrency spot""]",[],"[""5 minutes""]",long only,"[""OHLCV""]",[],"[""RSI"", ""Stochastic %K"", ""Bollinger Bands"", ""hammer pattern"", ""Parabolic SAR"", ""inverse Fisher RSI""]","Enter when RSI is below 30, stochastic %K is below 20, close is below the lower Bollinger Band, and the candle is classified as a hammer.",Exit when Parabolic SAR is above close and inverse Fisher transformed RSI exceeds 0.3.,Fixed 10% stop.,Minimal ROI schedule configured in source.,not implemented,framework default or fixed quantity,single-strategy position; no portfolio construction,bar-based execution using framework defaults,"[""RSI 30"", ""Stochastic 20"", ""Bollinger lower band"", ""inverse Fisher threshold 0.3"", ""stop 10%""]","Buy only when four oversold or reversal conditions align: low RSI, low stochastic, close below the lower Bollinger Band, and a hammer candle. Exit under bearish SAR plus normalized RSI recovery.",No profitability claim relied upon.,No independently verified result used.,not in strategy file; Freqtrade configuration dependent,not in strategy file,strategy-specific tests not identified,not identified,No obvious future-data access found in static review.,"[""Four-condition entry and asymmetric exit create parameter-mining risk."", ""Candlestick classifications can be sparse and implementation specific.""]",No explicit martingale found.,5,4,4,4,active,2026-08-12,5418,1434,GPL-3.0,Studying and internal experimentation are practical. Modification and redistribution must respect GPL-3.0 obligations.,FAM-BB-RSI-REV,
STRAT-0008,FAM-TWAP-RSI,RSI-Scheduled TWAP Execution,"[""TWAPStrategy""]",VWAP and execution-based strategies,Time-weighted sliced execution with RSI signal,verified from executable source,freqtrade/freqtrade-strategies,https://github.com/freqtrade/freqtrade-strategies,user_data/strategies/TWAPStrategy.py,https://github.com/freqtrade/freqtrade-strategies/blob/eff78d3ce3456b52c68a4e9a33cc055a56b801ff/user_data/strategies/TWAPStrategy.py,eff78d3ce3456b52c68a4e9a33cc055a56b801ff,public GitHub repository source file,reviewed implementation; canonical origin not established,[],Python,Freqtrade,Freqtrade,"[""cryptocurrency spot and futures""]",[],"[""1 minute execution slices""]",long and short,"[""OHLCV""]",[],"[""RSI"", ""ten-slice TWAP schedule""]",Generate a long intent below the lower RSI threshold and a short intent above the upper threshold. Divide the selected stake into ten equal slices submitted one minute apart.,Generate the opposite RSI exit intent and unwind through ten one-minute slices.,Fixed 10% stop.,Minimal ROI target of 2%.,not implemented,Initial stake is divided by ten for each TWAP child order.,single-strategy position; no portfolio construction,Sliced child orders are scheduled at one-minute intervals; exchange fills and partial fills remain framework dependent.,"[""RSI lower 45"", ""RSI upper 55"", ""10 slices"", ""1 minute interval"", ""ROI 2%"", ""stop 10%""]","Use RSI to decide direction, but execute entry and exit gradually as ten equal one-minute slices rather than as one order.",No profitability claim relied upon.,No independently verified result used.,not in strategy file; repeated child-order fees are configuration dependent,"execution slicing may reduce impact, but no explicit model is coded",strategy-specific tests not identified,not identified,No obvious future-data access found in static review.,"[""Backtests need child-order timing and fill simulation."", ""Ten slices can increase fee exposure.""]",No explicit martingale found.,4,4,3,3,active,2026-08-12,5418,1434,GPL-3.0,Studying and internal experimentation are practical. Modification and redistribution must respect GPL-3.0 obligations.,FAM-TWAP-RSI,
STRAT-0009,FAM-INTRADAY-TIME,Hour-Based Calendar Entry,"[""HourBasedStrategy""]",Seasonal and calendar,Hour-of-day signal,verified from executable source,freqtrade/freqtrade-strategies,https://github.com/freqtrade/freqtrade-strategies,user_data/strategies/HourBasedStrategy.py,https://github.com/freqtrade/freqtrade-strategies/blob/eff78d3ce3456b52c68a4e9a33cc055a56b801ff/user_data/strategies/HourBasedStrategy.py,eff78d3ce3456b52c68a4e9a33cc055a56b801ff,public GitHub repository source file,reviewed implementation; canonical origin not established,[],Python,Freqtrade,Freqtrade,"[""cryptocurrency spot""]",[],"[""1 hour""]",long only,"[""OHLCV""]",[],"[""hour of day""]",Enter when the current bar hour is inside the configured entry-hour range.,"Exit when the hour is inside the configured exit range; with source defaults, min=22 and max=21 may make this condition impossible depending on the helper semantics.",Fixed stop configured in source.,Minimal ROI schedule provides fallback exit.,not implemented,framework default or fixed quantity,single-strategy position; no portfolio construction,bar-based execution using framework defaults,"[""entry hour range"", ""exit hour range"", ""ROI schedule"", ""stop""]","Open positions during a chosen hour window and close during a separate hour window, with ROI and stop rules as fallback.",No profitability claim relied upon.,No independently verified result used.,not in strategy file; Freqtrade configuration dependent,not in strategy file,strategy-specific tests not identified,not identified,No obvious future-data access found in static review.,"[""Default exit range appears inverted."", ""Timezone and daylight-saving interpretation are not explicit."", ""Calendar effect can be sample-specific.""]",No explicit martingale found.,3,3,3,4,active,2026-08-12,5418,1434,GPL-3.0,Studying and internal experimentation are practical. Modification and redistribution must respect GPL-3.0 obligations.,FAM-INTRADAY-TIME,"Verified executable source, but default exit settings may disable the signal exit."
STRAT-0010,FAM-EMA-OBV-TREND,EMA and OBV Futures Trend Following,"[""TrendFollowingStrategy""]",Trend and momentum,EMA and on-balance-volume trend,verified from executable source,freqtrade/freqtrade-strategies,https://github.com/freqtrade/freqtrade-strategies,user_data/strategies/futures/TrendFollowingStrategy.py,https://github.com/freqtrade/freqtrade-strategies/blob/eff78d3ce3456b52c68a4e9a33cc055a56b801ff/user_data/strategies/futures/TrendFollowingStrategy.py,eff78d3ce3456b52c68a4e9a33cc055a56b801ff,public GitHub repository source file,reviewed implementation; canonical origin not established,[],Python,Freqtrade,Freqtrade,"[""cryptocurrency perpetual futures""]",[],"[""framework-configured intraday bars""]",long and short,"[""OHLCV""]",[],"[""EMA(20)"", ""On-Balance Volume""]",Enter long when close is above EMA(20) and OBV is rising. Enter short when close is below EMA(20) and OBV is falling.,Exit a long when close falls below EMA or OBV falls; exit a short under the symmetric bullish condition.,Fixed stop-loss configured in source.,Minimal ROI schedule configured in source.,Trailing stop enabled in source.,framework default or fixed quantity,single-strategy position; no portfolio construction,bar-based execution using framework defaults,"[""EMA 20"", ""OBV direction"", ""ROI"", ""stop"", ""trailing settings""]","Trade in the direction of both price relative to EMA(20) and OBV slope. Close when either price or volume trend turns against the position, with ROI, stop, and trailing overlays.",No profitability claim relied upon.,No independently verified result used.,not in strategy file; Freqtrade configuration dependent,not in strategy file,strategy-specific tests not identified,not identified,No obvious future-data access found in static review.,"[""OBV on fragmented exchange volume may not represent total market flow."", ""Futures funding and leverage are not modeled in the strategy file.""]",No explicit martingale found.,5,5,4,5,active,2026-08-12,5418,1434,GPL-3.0,Studying and internal experimentation are practical. Modification and redistribution must respect GPL-3.0 obligations.,FAM-EMA-OBV-TREND,
STRAT-0011,FAM-CANDLE-PATTERN,Candlestick Pattern Recognition Strategy,"[""PatternRecognition""]",Candlestick and price action,Configurable TA-Lib candlestick pattern,verified from executable source,freqtrade/freqtrade-strategies,https://github.com/freqtrade/freqtrade-strategies,user_data/strategies/PatternRecognition.py,https://github.com/freqtrade/freqtrade-strategies/blob/eff78d3ce3456b52c68a4e9a33cc055a56b801ff/user_data/strategies/PatternRecognition.py,eff78d3ce3456b52c68a4e9a33cc055a56b801ff,public GitHub repository source file,reviewed implementation; canonical origin not established,[],Python,Freqtrade,Freqtrade,"[""cryptocurrency spot""]",[],"[""5 minutes""]",long only,"[""OHLCV""]",[],"[""configurable TA-Lib candlestick pattern; default CDLHIGHWAVE""]","Enter when the selected candlestick-pattern output equals the configured bullish value; the default checks CDLHIGHWAVE for -100, which is conventionally a bearish output.","No active signal exit. ROI, stop-loss, and trailing stop control lifecycle.",Fixed stop-loss configured in source.,Minimal ROI schedule configured in source.,Trailing stop enabled.,framework default or fixed quantity,single-strategy position; no portfolio construction,bar-based execution using framework defaults,"[""selected TA-Lib pattern"", ""expected pattern value"", ""ROI"", ""stop"", ""trailing""]","Calculate one selected candlestick pattern and enter when its discrete output matches the configured value. Exit only through the configured ROI, stop, or trailing stop.",No profitability claim relied upon.,No independently verified result used.,not in strategy file; Freqtrade configuration dependent,not in strategy file,strategy-specific tests not identified,not identified,No obvious future-data access found in static review.,"[""Default pattern sign and long direction appear semantically inconsistent."", ""Pattern choice creates multiple-testing risk.""]",No explicit martingale found.,4,3,4,4,active,2026-08-12,5418,1434,GPL-3.0,Studying and internal experimentation are practical. Modification and redistribution must respect GPL-3.0 obligations.,FAM-CANDLE-PATTERN,
STRAT-0012,FAM-MA-CROSS,SMA 5/20 Crossover Reversal,"[""MA CrossOver""]",Trend and momentum,Moving-average crossover,verified from executable source,StockSharp/AlgoTrading,https://github.com/StockSharp/AlgoTrading,API/0001-0100/0001_MA_CrossOver/PY/ma_crossover_strategy.py,https://github.com/StockSharp/AlgoTrading/blob/1de5327d85915a17c84ca8af18d20341fe78549f/API/0001-0100/0001_MA_CrossOver/PY/ma_crossover_strategy.py,1de5327d85915a17c84ca8af18d20341fe78549f,public GitHub repository source file,StockSharp sample family; Python implementation reviewed and sibling language ports may exist,[],Python,StockSharp,StockSharp,"[""equities"", ""futures"", ""forex"", ""cryptocurrency""]",[],"[""bar interval supplied by user""]",long and short,"[""OHLCV""]",[],"[""SMA(5)"", ""SMA(20)""]",Go long when SMA(5) crosses above SMA(20). Go short when SMA(5) crosses below SMA(20).,A contrary crossover reverses the position; no independent flat exit.,not implemented or not explicit,not implemented or not explicit,not implemented,Fixed volume parameter.,single-strategy position; no portfolio construction,Market orders are sent after a crossover is detected on incoming candles.,"[""fast SMA 5"", ""slow SMA 20"", ""fixed volume""]","Maintain a long position while the 5-bar SMA is above the 20-bar SMA and a short position while it is below, reversing on each crossover.",No profitability claim relied upon.,No independently verified result used.,not present in strategy source,not present in strategy source,not identified in reviewed folder,not identified,No obvious future-data access found in static review.,"[""No stop or exposure scaling."", ""Same-bar market-order fill assumptions depend on engine semantics.""]",No explicit martingale found.,5,5,4,5,active,2026-08-11,100,44,Other / NOASSERTION,"Logic can be studied. Reuse, modification, redistribution, and commercial use require reviewing the repository's non-standard license terms.",FAM-MA-CROSS,
STRAT-0013,FAM-NDAY-BREAKOUT,N-Day Channel Breakout,"[""NDay Breakout""]",Breakout and session strategies,Price-channel breakout,verified from executable source,StockSharp/AlgoTrading,https://github.com/StockSharp/AlgoTrading,API/0001-0100/0002_NDay_Breakout/PY/nday_breakout_strategy.py,https://github.com/StockSharp/AlgoTrading/blob/1de5327d85915a17c84ca8af18d20341fe78549f/API/0001-0100/0002_NDay_Breakout/PY/nday_breakout_strategy.py,1de5327d85915a17c84ca8af18d20341fe78549f,public GitHub repository source file,reviewed implementation; canonical origin not established,[],Python,StockSharp,StockSharp,"[""equities"", ""futures"", ""forex"", ""cryptocurrency""]",[],"[""bar interval supplied by user""]",long and short,"[""OHLCV""]",[],"[""rolling highest high"", ""rolling lowest low""]",Go long when close breaks the previous rolling highest high and go short when close breaks the previous rolling lowest low.,Reverse on an opposite channel breakout. Declared SMA-exit and stop settings are not used by executable logic.,not implemented or not explicit,not implemented or not explicit,not implemented,Fixed volume parameter.,single-strategy position; no portfolio construction,bar-based execution using framework defaults,"[""lookback 1500 bars by default"", ""fixed volume""]","Track the highest high and lowest low over the prior N bars, excluding the current bar. Reverse long on an upside close breakout and short on a downside close breakout.",No profitability claim relied upon.,No independently verified result used.,not present in strategy source,not present in strategy source,strategy-specific tests not identified,not identified,No obvious future-data access found in static review.,"[""Very long default lookback."", ""Declared exit SMA and stop parameters are dead code, which can mislead users.""]",No explicit martingale found.,4,4,4,5,active,2026-08-11,100,44,Other / NOASSERTION,"Logic can be studied. Reuse, modification, redistribution, and commercial use require reviewing the repository's non-standard license terms.",FAM-NDAY-BREAKOUT,"Classified from executable logic, not the unused risk and exit declarations."
STRAT-0014,FAM-PAIRS-ZSCORE,Fixed-Beta Z-Score Spread Reversion,"[""Cointegration Pairs""]",Statistical arbitrage,Fixed-beta two-asset spread,verified from executable source,StockSharp/AlgoTrading,https://github.com/StockSharp/AlgoTrading,API/0201-0300/0222_Cointegration_Pairs/PY/cointegration_pairs_strategy.py,https://github.com/StockSharp/AlgoTrading/blob/1de5327d85915a17c84ca8af18d20341fe78549f/API/0201-0300/0222_Cointegration_Pairs/PY/cointegration_pairs_strategy.py,1de5327d85915a17c84ca8af18d20341fe78549f,public GitHub repository source file,reviewed implementation; canonical origin not established,[],Python,StockSharp,StockSharp,"[""equities"", ""ETFs"", ""futures"", ""cryptocurrency pairs""]",[],"[""synchronized bars required""]",paired long and short,"[""OHLCV for two instruments with aligned timestamps""]",[],"[""spread = close1 - beta * close2"", ""rolling spread mean"", ""rolling spread standard deviation"", ""z-score""]","If z-score exceeds +2, short instrument 1 and buy instrument 2. If z-score is below -2, buy instrument 1 and short instrument 2.",Close both legs when absolute z-score falls below 0.5.,not implemented or not explicit,not implemented or not explicit,not implemented,Same fixed volume is used for both legs rather than beta- or notional-neutral quantities.,Two-leg spread with beta fixed at 1 by default.,Leg orders are submitted independently as market orders when a candle update triggers.,"[""lookback 20"", ""entry z 2"", ""exit z 0.5"", ""beta 1"", ""fixed volume""]","Build a two-price spread using a fixed beta, standardize it over a rolling window, trade against deviations beyond ±2, and flatten both legs when the spread returns inside ±0.5.",No profitability claim relied upon.,No independently verified result used.,not present in strategy source,not present in strategy source,strategy-specific tests not identified,not identified,No obvious future-data access found in static review.,"[""No cointegration estimation or test despite source name."", ""Candle streams may update asynchronously."", ""Equal units are not dollar neutral."", ""No legging-risk control.""]",No explicit martingale found.,4,4,3,4,active,2026-08-11,100,44,Other / NOASSERTION,"Logic can be studied. Reuse, modification, redistribution, and commercial use require reviewing the repository's non-standard license terms.",FAM-PAIRS-ZSCORE,Renamed in classification because source does not estimate cointegration.
STRAT-0015,FAM-SMA-BAND-REV,SMA-Band Pullback Entry,"[""BitexOneMarketMaker""]",Mean reversion,SMA deviation band,verified from executable source,StockSharp/AlgoTrading,https://github.com/StockSharp/AlgoTrading,API/3101-3200/3110_BitexOneMarketMaker/PY/bitex_one_market_maker_strategy.py,https://github.com/StockSharp/AlgoTrading/blob/1de5327d85915a17c84ca8af18d20341fe78549f/API/3101-3200/3110_BitexOneMarketMaker/PY/bitex_one_market_maker_strategy.py,1de5327d85915a17c84ca8af18d20341fe78549f,public GitHub repository source file,reviewed implementation; canonical origin not established,[],Python,StockSharp,StockSharp,"[""equities"", ""futures"", ""forex"", ""cryptocurrency""]",[],"[""bar interval supplied by user""]",long only,"[""OHLCV""]",[],"[""SMA"", ""percentage deviation band""]",Buy at market when close falls below the lower percentage band around the SMA.,Sell the long position when close rises above the upper percentage band.,not implemented or not explicit,not implemented or not explicit,not implemented,Fixed volume parameter.,single-strategy position; no portfolio construction,bar-based execution using framework defaults,"[""SMA length"", ""band percentage"", ""fixed volume""]",Buy a downside deviation below an SMA band and sell after price moves above the symmetric upper SMA band.,No profitability claim relied upon.,No independently verified result used.,not present in strategy source,not present in strategy source,strategy-specific tests not identified,not identified,No obvious future-data access found in static review.,"[""The file name says market maker, but code does not quote or capture spread."", ""No stop-loss or exposure control.""]",No explicit martingale found.,4,4,4,5,active,2026-08-11,100,44,Other / NOASSERTION,"Logic can be studied. Reuse, modification, redistribution, and commercial use require reviewing the repository's non-standard license terms.",FAM-SMA-BAND-REV,Classified as bar-based mean reversion because executable behavior is not market making.
STRAT-0016,FAM-RSI-DEVIATION,RSI Deviation Reversion with Bracket Risk,"[""RSI Mean Reversion""]",Mean reversion,RSI deviation from its own moving average,verified from executable source,StockSharp/AlgoTrading,https://github.com/StockSharp/AlgoTrading,API/0201-0300/0236_RSI_Mean_Reversion/PY/rsi_mean_reversion_strategy.py,https://github.com/StockSharp/AlgoTrading/blob/1de5327d85915a17c84ca8af18d20341fe78549f/API/0201-0300/0236_RSI_Mean_Reversion/PY/rsi_mean_reversion_strategy.py,1de5327d85915a17c84ca8af18d20341fe78549f,public GitHub repository source file,reviewed implementation; canonical origin not established,[],Python,StockSharp,StockSharp,"[""equities"", ""futures"", ""forex"", ""cryptocurrency""]",[],"[""bar interval supplied by user""]",long and short,"[""OHLCV""]",[],"[""RSI(14)"", ""SMA of RSI(20)"", ""standard deviation of RSI""]",Buy when RSI is below its 20-bar RSI mean by more than two RSI standard deviations. Sell short under the symmetric high-RSI condition.,No explicit return-to-mean exit; protection orders close at target or stop.,Protection stop approximately 2% from entry.,Protection target approximately 5% from entry.,not implemented,Fixed volume.,single-strategy position; no portfolio construction,bar-based execution using framework defaults,"[""RSI 14"", ""RSI mean 20"", ""deviation multiplier 2"", ""target 5%"", ""stop 2%""]",Standardize RSI relative to its recent distribution. Enter against a two-standard-deviation RSI excursion and leave through a fixed 5% target or 2% stop.,No profitability claim relied upon.,No independently verified result used.,not present in strategy source,not present in strategy source,strategy-specific tests not identified,not identified,No obvious future-data access found in static review.,"[""No signal-based mean reversion exit."", ""Protection-order fill realism depends on engine behavior.""]",No explicit martingale found.,5,5,4,5,active,2026-08-11,100,44,Other / NOASSERTION,"Logic can be studied. Reuse, modification, redistribution, and commercial use require reviewing the repository's non-standard license terms.",FAM-RSI-DEVIATION,
STRAT-0017,FAM-VWAP-REV,VWAP-ATR Band Mean Reversion,"[""VWAP Mean Reversion""]",VWAP and execution-based strategies,VWMA and ATR reversion,verified from executable source,StockSharp/AlgoTrading,https://github.com/StockSharp/AlgoTrading,API/0201-0300/0235_VWAP_Mean_Reversion/PY/vwap_mean_reversion_strategy.py,https://github.com/StockSharp/AlgoTrading/blob/1de5327d85915a17c84ca8af18d20341fe78549f/API/0201-0300/0235_VWAP_Mean_Reversion/PY/vwap_mean_reversion_strategy.py,1de5327d85915a17c84ca8af18d20341fe78549f,public GitHub repository source file,reviewed implementation; canonical origin not established,[],Python,StockSharp,StockSharp,"[""equities"", ""futures"", ""forex"", ""cryptocurrency""]",[],"[""intraday bars""]",long and short,"[""OHLCV""]",[],"[""volume-weighted moving average(14)"", ""ATR(14)"", ""ATR bands""]",Buy when close is below VWMA minus two ATR. Sell short when close is above VWMA plus two ATR.,Close a long when price crosses above VWMA and close a short when price crosses below VWMA.,Protection stop approximately 2% from entry.,Protection target approximately 5% from entry.,not implemented,Fixed volume.,single-strategy position; no portfolio construction,bar-based execution using framework defaults,"[""VWMA 14"", ""ATR 14"", ""entry 2 ATR"", ""target 5%"", ""stop 2%""]","Trade against price excursions of two ATR beyond a 14-bar volume-weighted average and exit at a cross back through that average, with fixed target and stop backups.",No profitability claim relied upon.,No independently verified result used.,not present in strategy source,not present in strategy source,strategy-specific tests not identified,not identified,No obvious future-data access found in static review.,"[""Rolling VWMA is not a session-anchored VWAP."", ""Same-bar protection-order assumptions need verification.""]",No explicit martingale found.,5,5,4,5,active,2026-08-11,100,44,Other / NOASSERTION,"Logic can be studied. Reuse, modification, redistribution, and commercial use require reviewing the repository's non-standard license terms.",FAM-VWAP-REV,
STRAT-0018,FAM-BB-EMA-BREAKOUT,Bollinger-EMA Breakout,"[""Opening Range Breakout""]",Breakout and session strategies,Bollinger breakout with trend filter,verified from executable source,StockSharp/AlgoTrading,https://github.com/StockSharp/AlgoTrading,API/0401-0500/0459_Opening_Range_Breakout/PY/opening_range_breakout_strategy.py,https://github.com/StockSharp/AlgoTrading/blob/1de5327d85915a17c84ca8af18d20341fe78549f/API/0401-0500/0459_Opening_Range_Breakout/PY/opening_range_breakout_strategy.py,1de5327d85915a17c84ca8af18d20341fe78549f,public GitHub repository source file,reviewed implementation; canonical origin not established,[],Python,StockSharp,StockSharp,"[""equities"", ""futures"", ""forex"", ""cryptocurrency""]",[],"[""bar interval supplied by user""]",long and short,"[""OHLCV""]",[],"[""Bollinger Bands(20,2)"", ""EMA(50)"", ""10-bar cooldown""]",Buy when close exceeds the upper Bollinger Band and EMA(50) confirms bullish direction. Sell short on the symmetric lower-band bearish condition.,Close when price crosses the Bollinger middle line against the position.,not implemented or not explicit,not implemented or not explicit,not implemented,Fixed volume.,single-strategy position; no portfolio construction,bar-based execution using framework defaults,"[""BB 20 x 2"", ""EMA 50"", ""cooldown 10 bars""]","After a 10-bar cooldown, trade a Bollinger breakout only in the direction of an EMA(50) filter, then close on a cross back through the Bollinger basis.",No profitability claim relied upon.,No independently verified result used.,not present in strategy source,not present in strategy source,strategy-specific tests not identified,not identified,No obvious future-data access found in static review.,"[""No opening-range calculation exists despite file name."", ""Band breakout at close can suffer gap and next-bar fill slippage.""]",No explicit martingale found.,5,4,4,5,active,2026-08-11,100,44,Other / NOASSERTION,"Logic can be studied. Reuse, modification, redistribution, and commercial use require reviewing the repository's non-standard license terms.",FAM-BB-EMA-BREAKOUT,"Classified by executable Bollinger logic, not by misleading source name."
STRAT-0019,FAM-TURN-OF-MONTH,Turn-of-Month Long Window,"[""Turn Of Month""]",Seasonal and calendar,Turn-of-month effect,verified from executable source,StockSharp/AlgoTrading,https://github.com/StockSharp/AlgoTrading,API/0401-0500/0406_Turn_Of_Month/PY/turn_of_month_strategy.py,https://github.com/StockSharp/AlgoTrading/blob/1de5327d85915a17c84ca8af18d20341fe78549f/API/0401-0500/0406_Turn_Of_Month/PY/turn_of_month_strategy.py,1de5327d85915a17c84ca8af18d20341fe78549f,public GitHub repository source file,reviewed implementation; canonical origin not established,[],Python,StockSharp,StockSharp,"[""equities"", ""ETFs"", ""indices""]",[],"[""daily bars""]",long only,"[""OHLCV""]",[],"[""calendar day"", ""weekday approximation of last trading days""]",Enter during an approximated turn-of-month window consisting of the last two weekday-count days of a month and the first four days of the next month.,Exit when the date leaves the configured turn-of-month window.,not implemented or not explicit,not implemented or not explicit,not implemented,Fixed volume.,single-strategy position; no portfolio construction,bar-based execution using framework defaults,"[""last two weekday-count days"", ""first four calendar days""]",Hold a long position around month end and the first few days of the next month; stay flat outside that window.,No profitability claim relied upon.,No independently verified result used.,not present in strategy source,not present in strategy source,strategy-specific tests not identified,not identified,No obvious future-data access found in static review.,"[""Holiday calendars are ignored."", ""Calendar-day approximation can misidentify trading-day boundaries.""]",No explicit martingale found.,4,4,4,5,active,2026-08-11,100,44,Other / NOASSERTION,"Logic can be studied. Reuse, modification, redistribution, and commercial use require reviewing the repository's non-standard license terms.",FAM-TURN-OF-MONTH,
STRAT-0020,FAM-ADX-MA-TREND,ADX Trend with MA200 Regime,"[""ADX Trend""]",Trend and momentum,ADX strength and long moving-average regime,verified from executable source,StockSharp/AlgoTrading,https://github.com/StockSharp/AlgoTrading,API/0001-0100/0003_ADX_Trend/PY/adx_trend_strategy.py,https://github.com/StockSharp/AlgoTrading/blob/1de5327d85915a17c84ca8af18d20341fe78549f/API/0001-0100/0003_ADX_Trend/PY/adx_trend_strategy.py,1de5327d85915a17c84ca8af18d20341fe78549f,public GitHub repository source file,reviewed implementation; canonical origin not established,[],Python,StockSharp,StockSharp,"[""equities"", ""futures"", ""forex"", ""cryptocurrency""]",[],"[""bar interval supplied by user""]",long and short,"[""OHLCV""]",[],"[""ADX"", ""moving average(200)""]",Go long when ADX is above its threshold and close is above the 200-bar moving average; go short when ADX is strong and close is below the moving average.,Reverse when the strong-trend regime changes side. Declared ATR multiplier and exit-threshold parameters are not used.,not implemented or not explicit,not implemented or not explicit,not implemented,Fixed volume.,single-strategy position; no portfolio construction,bar-based execution using framework defaults,"[""ADX threshold"", ""MA 200"", ""fixed volume""]","When ADX indicates a sufficiently strong trend, hold long above a 200-bar moving average and short below it, reversing as the regime changes.",No profitability claim relied upon.,No independently verified result used.,not present in strategy source,not present in strategy source,strategy-specific tests not identified,not identified,No obvious future-data access found in static review.,"[""Unused ATR and exit parameters make documentation misleading."", ""No independent stop or volatility sizing.""]",No explicit martingale found.,4,4,4,5,active,2026-08-11,100,44,Other / NOASSERTION,"Logic can be studied. Reuse, modification, redistribution, and commercial use require reviewing the repository's non-standard license terms.",FAM-ADX-MA-TREND,
STRAT-0021,FAM-DONCHIAN,Donchian 1000-Bar Breakout,"[""Donchian Channel""]",Trend and momentum,Donchian channel breakout,verified from executable source,StockSharp/AlgoTrading,https://github.com/StockSharp/AlgoTrading,API/0001-0100/0005_Donchian_Channel/PY/donchian_channel_strategy.py,https://github.com/StockSharp/AlgoTrading/blob/1de5327d85915a17c84ca8af18d20341fe78549f/API/0001-0100/0005_Donchian_Channel/PY/donchian_channel_strategy.py,1de5327d85915a17c84ca8af18d20341fe78549f,public GitHub repository source file,reviewed implementation; canonical origin not established,[],Python,StockSharp,StockSharp,"[""equities"", ""futures"", ""forex"", ""cryptocurrency""]",[],"[""bar interval supplied by user""]",long and short,"[""OHLCV""]",[],"[""Donchian upper and lower channel""]",Go long when price exceeds the upper channel and go short when it falls below the lower channel.,Reverse only on the opposite channel breakout; no separate exit.,not implemented or not explicit,not implemented or not explicit,not implemented,Fixed volume.,single-strategy position; no portfolio construction,bar-based execution using framework defaults,"[""channel lookback 1000 by default"", ""fixed volume""]","Maintain a directional position after price breaks a long Donchian channel, reversing only when the opposite boundary is broken.",No profitability claim relied upon.,No independently verified result used.,not present in strategy source,not present in strategy source,strategy-specific tests not identified,not identified,No obvious future-data access found in static review.,"[""Extremely long default lookback."", ""No stop, time exit, or volatility normalization.""]",No explicit martingale found.,5,5,4,5,active,2026-08-11,100,44,Other / NOASSERTION,"Logic can be studied. Reuse, modification, redistribution, and commercial use require reviewing the repository's non-standard license terms.",FAM-DONCHIAN,
STRAT-0022,FAM-VOL-BREAKOUT,SMA plus ATR Volatility Breakout,"[""Volatility Breakout""]",Volatility strategies,ATR envelope breakout,verified from executable source,StockSharp/AlgoTrading,https://github.com/StockSharp/AlgoTrading,API/0201-0300/0220_Volatility_Breakout/PY/volatility_breakout_strategy.py,https://github.com/StockSharp/AlgoTrading/blob/1de5327d85915a17c84ca8af18d20341fe78549f/API/0201-0300/0220_Volatility_Breakout/PY/volatility_breakout_strategy.py,1de5327d85915a17c84ca8af18d20341fe78549f,public GitHub repository source file,reviewed implementation; canonical origin not established,[],Python,StockSharp,StockSharp,"[""equities"", ""futures"", ""forex"", ""cryptocurrency""]",[],"[""bar interval supplied by user""]",long and short,"[""OHLCV""]",[],"[""SMA(20)"", ""ATR(20)"", ""SMA ± 2 ATR envelope""]",Go long when close rises above SMA plus two ATR and go short when close falls below SMA minus two ATR.,Reverse on the opposite envelope breakout.,Protection API is called with an absolute value of 2; unit interpretation appears inconsistent.,"Protection API is called with absolute value 0, which may disable or misconfigure the target.",not implemented,Fixed volume.,single-strategy position; no portfolio construction,bar-based execution using framework defaults,"[""SMA 20"", ""ATR 20"", ""multiplier 2"", ""protection values 0 and 2""]",Trade breakouts beyond a 20-bar SMA envelope sized at two ATR and reverse on the opposite breakout. Reimplement protection orders only after clarifying source units.,No profitability claim relied upon.,No independently verified result used.,not present in strategy source,not present in strategy source,strategy-specific tests not identified,not identified,No obvious future-data access found in static review.,"[""Protection-order units are unclear and may be defective."", ""No explicit flat exit.""]",No explicit martingale found.,3,4,3,4,active,2026-08-11,100,44,Other / NOASSERTION,"Logic can be studied. Reuse, modification, redistribution, and commercial use require reviewing the repository's non-standard license terms.",FAM-VOL-BREAKOUT,"Signal logic is reconstructable, but the source protection-order calls require validation."
STRAT-0023,FAM-DAY-OF-MONTH-MA,Day-of-Month MA Calendar Rotation,"[""January Effect""]",Seasonal and calendar,Monthly calendar with moving-average filter,verified from executable source,StockSharp/AlgoTrading,https://github.com/StockSharp/AlgoTrading,API/0101-0200/0122_January_Effect/PY/january_effect_strategy.py,https://github.com/StockSharp/AlgoTrading/blob/1de5327d85915a17c84ca8af18d20341fe78549f/API/0101-0200/0122_January_Effect/PY/january_effect_strategy.py,1de5327d85915a17c84ca8af18d20341fe78549f,public GitHub repository source file,reviewed implementation; canonical origin not established,[],Python,StockSharp,StockSharp,"[""equities"", ""ETFs"", ""indices""]",[],"[""daily bars""]",long and short,"[""OHLCV""]",[],"[""day of month"", ""moving average(20)""]","During days 1 to 5, buy when close is above MA(20). During days 14 to 17, close long and optionally enter short when close is below MA(20).","From day 26 onward, cover a short position. Calendar transitions also change direction.",not implemented or not explicit,not implemented or not explicit,not implemented,Fixed volume.,single-strategy position; no portfolio construction,bar-based execution using framework defaults,"[""MA 20"", ""days 1-5"", ""days 14-17"", ""day 26 onward""]","Use fixed monthly date windows and a 20-day moving-average filter: seek longs early in the month, bearish exposure mid-month, and flatten shorts late in the month.",No profitability claim relied upon.,No independently verified result used.,not present in strategy source,not present in strategy source,strategy-specific tests not identified,not identified,No obvious future-data access found in static review.,"[""The logic is not January-specific despite file name."", ""Calendar holidays and missing trading days are ignored."", ""Date windows are highly sample-sensitive.""]",No explicit martingale found.,4,4,4,5,active,2026-08-11,100,44,Other / NOASSERTION,"Logic can be studied. Reuse, modification, redistribution, and commercial use require reviewing the repository's non-standard license terms.",FAM-DAY-OF-MONTH-MA,Classified as generic day-of-month seasonality rather than January effect.
STRAT-0024,FAM-AVELLANEDA-STOIKOV,Avellaneda-Stoikov Inventory-Aware Market Making,"[""Avellaneda Market Making""]",Market making and liquidity,Inventory-aware optimal quoting,verified from executable source,hummingbot/hummingbot,https://github.com/hummingbot/hummingbot,hummingbot/strategy/avellaneda_market_making/avellaneda_market_making.pyx,https://github.com/hummingbot/hummingbot/blob/2bfaccc48dd49e71a5b6d9b3011808e127dd00cd/hummingbot/strategy/avellaneda_market_making/avellaneda_market_making.pyx,2bfaccc48dd49e71a5b6d9b3011808e127dd00cd,public GitHub repository source file,reviewed implementation; canonical origin not established,[],Cython/Python,Hummingbot,Hummingbot,"[""cryptocurrency spot""]",[],"[""event-driven quotes""]",simultaneous bid and ask quoting,"[""best bid and ask or midprice"", ""order book liquidity"", ""inventory"", ""realized volatility"", ""fills and orders""]",[],"[""reservation price"", ""optimal spread"", ""inventory ratio"", ""volatility"", ""order-book liquidity parameter kappa""]","Continuously create bid and ask proposals around an inventory-adjusted reservation price. Reservation price shifts away from accumulated inventory and spread expands with volatility, risk aversion, time horizon, and estimated liquidity.",There is no conventional signal exit. Orders are refreshed or canceled and inventory changes through maker fills; optional hanging orders can remain.,"No price stop. Risk is managed through inventory targets, quote skew, minimum spread, budgets, and order refresh.",Expected edge is embedded in quoted spread rather than a discrete take-profit order.,not implemented,Order amount and level count are configurable; proposals are constrained by balances and inventory targets.,Single trading pair with target base-asset inventory fraction.,"Passive limit orders, queue position, partial fills, fees, tick sizes, and order refresh timing materially affect results.","[""risk factor gamma"", ""time horizon"", ""volatility"", ""kappa"", ""inventory target"", ""minimum spread"", ""order levels"", ""refresh time""]","Estimate volatility and market liquidity, compute an inventory-adjusted reservation price, quote bids and asks around it using the Avellaneda-Stoikov optimal spread, then refresh orders while skewing quotes toward the target inventory.",No profitability claim relied upon.,No independently verified result used.,fees are considered in proposal and profitability logic,"passive fills modeled operationally, but backtest queue and adverse-selection realism require separate validation",repository test suite exists; exact coverage not traced in this tranche,not required for live strategy,No obvious future-data access found in static review.,"[""Backtests without queue position and adverse selection will be optimistic."", ""Volatility and kappa estimation can be unstable."", ""Inventory can accumulate in one-sided markets.""]","No martingale, but inventory exposure is not equivalent to a hard stop.",5,4,3,2,active,2026-08-28,19707,4881,Apache-2.0,"Generally suitable for study, internal experimentation, modification, redistribution, and commercial use subject to Apache-2.0 notices and terms.",FAM-AVELLANEDA-STOIKOV,True market-making implementation with explicit reservation-price and spread equations.
STRAT-0025,FAM-PURE-MM,Pure Multi-Level Market Making,"[""Pure Market Making""]",Market making and liquidity,Configurable passive spread capture,verified from executable source,hummingbot/hummingbot,https://github.com/hummingbot/hummingbot,hummingbot/strategy/pure_market_making/pure_market_making.pyx,https://github.com/hummingbot/hummingbot/blob/2bfaccc48dd49e71a5b6d9b3011808e127dd00cd/hummingbot/strategy/pure_market_making/pure_market_making.pyx,2bfaccc48dd49e71a5b6d9b3011808e127dd00cd,public GitHub repository source file,reviewed implementation; canonical origin not established,[],Cython/Python,Hummingbot,Hummingbot,"[""cryptocurrency spot""]",[],"[""event-driven quotes""]",simultaneous bid and ask quoting,"[""order book"", ""balances"", ""open orders"", ""fills"", ""fees""]",[],"[""bid and ask spreads"", ""inventory skew"", ""multiple order levels"", ""hanging orders"", ""ping-pong mode"", ""order optimization""]","Place one or more passive bid and ask orders at configured spread levels, optionally shifted by inventory, price floors or ceilings, order-book optimization, and ping-pong state.",Cancel and replace stale orders; fills alter inventory. Hanging orders may remain after the opposite side fills.,"No conventional stop. Balance limits, inventory skew, and price bounds are the primary controls.",Spread capture is the profit mechanism; no discrete take-profit.,not implemented,"Order amount, level count, level distance, and inventory skew determine quote sizes.",Manages base and quote inventory for one pair.,"Requires passive limit-order fills, exchange tick sizes, fees, queue position, and timely cancellation.","[""bid spread"", ""ask spread"", ""order amount"", ""levels"", ""level distance"", ""inventory target"", ""refresh time"", ""hanging-order policy""]","Maintain passive bid and ask ladders around a reference price, skew or resize them according to inventory and balance constraints, and refresh or cancel them as market conditions and fills change.",No profitability claim relied upon.,No independently verified result used.,fees and order economics are considered in proposal logic,not a market-order slippage model; queue and adverse-selection costs remain external,repository test suite exists; exact coverage not traced in this tranche,not identified,No obvious future-data access found in static review.,"[""Naive backtests can overstate passive fills."", ""Inventory can trend against the maker."", ""Static spreads can be adverse-selection prone.""]","No explicit martingale, but repeated one-sided fills can build inventory unless limits are configured.",5,4,3,2,active,2026-08-28,19707,4881,Apache-2.0,"Generally suitable for study, internal experimentation, modification, redistribution, and commercial use subject to Apache-2.0 notices and terms.",FAM-PURE-MM,
STRAT-0026,FAM-CROSS-EXCHANGE-MM,Cross-Exchange Passive Maker with Active Hedge,"[""Cross Exchange Market Making""]",Market making and liquidity,"Maker on one venue, taker hedge on another",verified from executable source,hummingbot/hummingbot,https://github.com/hummingbot/hummingbot,hummingbot/strategy/cross_exchange_market_making/cross_exchange_market_making.py,https://github.com/hummingbot/hummingbot/blob/2bfaccc48dd49e71a5b6d9b3011808e127dd00cd/hummingbot/strategy/cross_exchange_market_making/cross_exchange_market_making.py,2bfaccc48dd49e71a5b6d9b3011808e127dd00cd,public GitHub repository source file,reviewed implementation; canonical origin not established,[],Cython/Python,Hummingbot,Hummingbot,"[""cryptocurrency spot"", ""spot and derivative combinations""]",[],"[""event-driven quotes and fills""]",two-venue hedged quoting,"[""maker order book"", ""taker order book"", ""balances on both venues"", ""fees"", ""fills""]",[],"[""taker VWAP"", ""minimum profitability"", ""conversion rates"", ""balance and depth constraints""]",Quote passively on the maker venue at prices derived from the taker venue's executable VWAP plus a configured minimum profitability and costs.,"When a maker order fills, immediately submit the opposite trade on the taker venue to hedge. Cancel maker orders when they are no longer profitable, sufficiently funded, or current.","No price stop; risk controls rely on profitability checks, slippage buffers, balance checks, order cancellation, and hedging.",Minimum profitability is embedded in maker quote prices.,not implemented,"Size is constrained by maker balances, taker balances, executable depth, and configured order amount.",Maintains inventory across two venues and conversion rates.,"Assumes rapid detection of maker fills and immediate taker hedging; latency, withdrawal constraints, venue outages, and legging risk are material.","[""minimum profitability"", ""order amount"", ""taker depth factor"", ""slippage buffer"", ""refresh thresholds"", ""conversion rates""]","Use the taker venue's executable hedge price to set profitable passive quotes on a maker venue. After a maker fill, immediately hedge the filled amount on the taker venue and cancel quotes that cease to meet profitability or balance constraints.",No profitability claim relied upon.,No independently verified result used.,maker and taker fees are included in profitability logic,taker-side VWAP and slippage buffers are included,repository test suite exists; exact coverage not traced in this tranche,not identified,No obvious future-data access found in static review.,"[""Latency and legging risk can erase quoted edge."", ""Cross-venue balances can become stranded."", ""Backtests need synchronized books and realistic taker impact.""]",No martingale; unhedged fills are possible during taker failure.,5,5,2,2,active,2026-08-28,19707,4881,Apache-2.0,"Generally suitable for study, internal experimentation, modification, redistribution, and commercial use subject to Apache-2.0 notices and terms.",FAM-CROSS-EXCHANGE-MM,
STRAT-0027,FAM-SPOT-PERP-BASIS,Spot-Perpetual Basis Arbitrage,"[""Spot Perpetual Arbitrage""]",Arbitrage,Spot-perpetual price convergence,verified from executable source,hummingbot/hummingbot,https://github.com/hummingbot/hummingbot,hummingbot/strategy/spot_perpetual_arbitrage/spot_perpetual_arbitrage.py,https://github.com/hummingbot/hummingbot/blob/2bfaccc48dd49e71a5b6d9b3011808e127dd00cd/hummingbot/strategy/spot_perpetual_arbitrage/spot_perpetual_arbitrage.py,2bfaccc48dd49e71a5b6d9b3011808e127dd00cd,public GitHub repository source file,reviewed implementation; canonical origin not established,[],Cython/Python,Hummingbot,Hummingbot,"[""cryptocurrency spot"", ""cryptocurrency perpetual futures""]",[],"[""event-driven spread monitoring""]",delta-neutral paired positions,"[""spot bid and ask"", ""perpetual bid and ask"", ""balances"", ""positions"", ""fees"", ""funding context""]",[],"[""opening profitability"", ""closing profitability"", ""position state machine"", ""leverage""]","If buying spot and shorting perpetual exceeds the opening threshold, open that pair. If selling spot and buying perpetual exceeds the threshold and inventory permits, open the reverse pair.",Close both legs when the reverse spread reaches the configured closing profitability threshold.,"No conventional stop. State management, fixed amount, slippage buffers, and leverage configuration limit exposure.",Closing threshold defines the convergence target.,not implemented,"Fixed base-asset order amount, subject to balances and perpetual leverage.",Paired spot and perpetual legs intended to offset directional delta.,"Two legs are submitted separately, so partial fills and legging risk remain; perpetual funding and liquidation mechanics matter.","[""opening threshold"", ""closing threshold"", ""order amount"", ""leverage"", ""slippage buffer""]",Monitor executable spot and perpetual prices. Open a delta-offsetting pair when basis exceeds an entry threshold and close both legs after convergence to the exit threshold.,No profitability claim relied upon.,No independently verified result used.,fees are considered in profitability logic,slippage buffer is configurable,repository test suite exists; exact coverage not traced in this tranche,not identified,No obvious future-data access found in static review.,"[""Funding payments are economically important and not fully represented by a price-only threshold."", ""Legging and liquidation risk remain."", ""Borrow or short constraints may block the reverse trade.""]",No martingale; leverage can create liquidation risk.,5,5,3,3,active,2026-08-28,19707,4881,Apache-2.0,"Generally suitable for study, internal experimentation, modification, redistribution, and commercial use subject to Apache-2.0 notices and terms.",FAM-SPOT-PERP-BASIS,
STRAT-0028,FAM-IRON-CONDOR,Iron Condor Structure Selection Example,"[""IronCondorStrategyAlgorithm""]",Options strategies,Iron condor construction,verified implementation example; economic exit incomplete,QuantConnect/Lean,https://github.com/QuantConnect/Lean,Algorithm.Python/IronCondorStrategyAlgorithm.py,https://github.com/QuantConnect/Lean/blob/b692bf4788e8b54fc23bdcb5659666bf055ce89f/Algorithm.Python/IronCondorStrategyAlgorithm.py,b692bf4788e8b54fc23bdcb5659666bf055ce89f,public GitHub repository source file,official LEAN regression example,[],Python,QuantConnect LEAN,LEAN,"[""equity options""]","[""SPY options""]","[""daily selection with engine event handling""]",market-neutral four-leg option structure,"[""underlying price"", ""option chain"", ""strikes"", ""expirations"", ""option quotes""]",[],"[""nearest expiration"", ""four ordered strikes"", ""LEAN OptionStrategies iron condor factory""]","When not invested, select the first eligible expiration and four call and put strikes around the underlying, then submit two iron-condor structures through LEAN strategy factories.","The example liquidates on the next data event as a regression-test lifecycle check, not as a market-derived exit rule.",not implemented,not implemented,not implemented,Fixed strategy quantities in the example.,"Four option legs per iron condor, with two structures created for API validation.","Option-chain availability, combo or grouped-order semantics, spreads, assignment, and expiration behavior are delegated to LEAN.","[""expiration selection"", ""four strike ordering"", ""fixed structure quantity""]","Construct a standard iron condor from four ordered strikes at one expiration. The source demonstrates leg selection and submission, but it does not supply a research-grade market exit.",No profitability claim relied upon.,No independently verified result used.,LEAN default brokerage and fee models; not configured by strategy,LEAN fill model; no explicit spread or slippage override,yes; this is a regression algorithm with expected statistics,LEAN regression data supports local run according to source,No obvious future-data access found in static review.,"[""Exit is a test-harness liquidation rather than an economic rule."", ""Midpoint and multi-leg fill realism require separate modeling.""]",No explicit martingale found.,3,4,5,3,active,2026-08-28,21416,5206,Apache-2.0,"Generally suitable for study, internal experimentation, modification, redistribution, and commercial use subject to Apache-2.0 notices and terms.",FAM-IRON-CONDOR,"Qualifies as option-structure implementation, but not as a complete alpha strategy."
STRAT-0029,FAM-FUTURES-EMA-REGIME,SPY-EMA Regime Trading E-mini Futures,"[""FuturesMomentumAlgorithm""]",Trend and momentum,Signal ETF with futures execution,verified from executable source,QuantConnect/Lean,https://github.com/QuantConnect/Lean,Algorithm.Python/FuturesMomentumAlgorithm.py,https://github.com/QuantConnect/Lean/blob/b692bf4788e8b54fc23bdcb5659666bf055ce89f/Algorithm.Python/FuturesMomentumAlgorithm.py,b692bf4788e8b54fc23bdcb5659666bf055ce89f,public GitHub repository source file,official LEAN example,[],Python,QuantConnect LEAN,LEAN,"[""equity index futures"", ""equities as signal data""]","[""SPY signal"", ""E-mini S&P 500 future""]","[""daily EMA signal with futures execution""]",long only,"[""SPY daily prices"", ""futures chain"", ""contract expirations"", ""futures prices""]",[],"[""EMA(20)"", ""EMA(60)"", ""0.1% regime tolerance"", ""futures contract filter""]","When flat and EMA(20) is more than 0.1% above EMA(60), buy the selected E-mini contract whose expiry is more than 90 days away.",Liquidate futures when EMA(20) is more than 0.1% below EMA(60).,not implemented or not explicit,not implemented or not explicit,not implemented,Fixed futures quantity in source.,SPY is used only as signal data; the futures contract is the traded asset.,Market orders on the selected futures contract; contract selection sorts eligible expiries in reverse order and takes the first.,"[""EMA 20"", ""EMA 60"", ""tolerance 0.1%"", ""minimum 90 days to expiry"", ""fixed quantity""]",Use SPY's 20/60 EMA regime to control a long E-mini futures position. Enter on a materially bullish EMA spread and liquidate on a materially bearish spread.,No profitability claim relied upon.,No independently verified result used.,LEAN default brokerage and fee models,LEAN default fill model,yes; official regression/example algorithm,LEAN data dependencies required,No obvious future-data access found in static review.,"[""The source selects the farthest eligible expiry after reverse sorting despite comments suggesting a front contract."", ""No roll logic beyond new selection when flat."", ""Basis between SPY and futures is ignored.""]",No explicit martingale found.,4,4,5,4,active,2026-08-28,21416,5206,Apache-2.0,"Generally suitable for study, internal experimentation, modification, redistribution, and commercial use subject to Apache-2.0 notices and terms.",FAM-FUTURES-EMA-REGIME,
STRAT-0030,FAM-PAIRS-ZSCORE,Pearson-Selected Price-Ratio Pair Trading,"[""PearsonCorrelationPairsTradingAlphaModel""]",Statistical arbitrage,Correlation-selected ratio deviation,verified from executable source,QuantConnect/Lean,https://github.com/QuantConnect/Lean,Algorithm.Framework/Alphas/PearsonCorrelationPairsTradingAlphaModel.py,https://github.com/QuantConnect/Lean/blob/b692bf4788e8b54fc23bdcb5659666bf055ce89f/Algorithm.Framework/Alphas/PearsonCorrelationPairsTradingAlphaModel.py,b692bf4788e8b54fc23bdcb5659666bf055ce89f,public GitHub repository source file,official LEAN alpha model,"[""Algorithm.Framework/Alphas/BasePairsTradingAlphaModel.py""]",Python,QuantConnect LEAN,LEAN,"[""equities"", ""ETFs"", ""multi-asset universes""]",[],"[""framework update interval""]",paired long and short,"[""aligned historical prices for candidate assets"", ""current prices""]",[],"[""Pearson correlation of log returns"", ""price ratio"", ""EMA(500) of ratio"", ""percentage deviation threshold""]","Select the pair with the highest Pearson correlation above 0.5. If the price ratio rises above EMA ratio by the threshold, short numerator and long denominator; reverse when it falls below the lower percentage band.",Insights expire after their configured horizon; new ratio signals can reverse direction. No separate cointegration or mean-cross exit is implemented in the model.,not implemented or not explicit,not implemented or not explicit,not implemented,Emits equal-weight grouped long and short insights; downstream portfolio construction determines actual sizes.,"One selected correlated pair, expressed as grouped opposite-direction insights.",Requires downstream LEAN framework portfolio construction and execution models.,"[""correlation lookback"", ""minimum correlation 0.5"", ""ratio EMA 500"", ""deviation percentage"", ""insight period""]","From a candidate universe, choose the most correlated return pair. Trade the current price ratio against percentage bands around a long EMA of that ratio using opposite-direction paired positions.",No profitability claim relied upon.,No independently verified result used.,not inside alpha model; downstream LEAN models determine costs,not inside alpha model,official LEAN framework example and regression coverage,LEAN data dependencies required,No obvious future-data access found in static review.,"[""Correlation does not imply cointegration."", ""Selection and threshold can overfit."", ""Source comment describes standard deviations, but code uses percentage bands."", ""Universe selection can introduce survivorship bias.""]",No explicit martingale found.,4,4,4,4,active,2026-08-28,21416,5206,Apache-2.0,"Generally suitable for study, internal experimentation, modification, redistribution, and commercial use subject to Apache-2.0 notices and terms.",FAM-PAIRS-ZSCORE,
STRAT-0031,FAM-ETF-CONSTITUENT-RSI,ETF Constituent RSI Weighting,"[""ETFConstituentUniverseRSIAlphaModelAlgorithm""]",Event-driven and fundamental,ETF constituent cross-sectional allocation,verified from executable source,QuantConnect/Lean,https://github.com/QuantConnect/Lean,Algorithm.Python/ETFConstituentUniverseRSIAlphaModelAlgorithm.py,https://github.com/QuantConnect/Lean/blob/b692bf4788e8b54fc23bdcb5659666bf055ce89f/Algorithm.Python/ETFConstituentUniverseRSIAlphaModelAlgorithm.py,b692bf4788e8b54fc23bdcb5659666bf055ce89f,public GitHub repository source file,official LEAN example,[],Python,QuantConnect LEAN,LEAN,"[""equities"", ""ETFs""]","[""ETF constituents""]","[""daily insight horizon""]",long and short constituents,"[""ETF constituent universe"", ""constituent weights"", ""constituent prices""]",[],"[""ETF constituent weight"", ""RSI(7) average gain and loss components""]","For constituents whose ETF weight is at least 0.1%, emit a one-day long insight when RSI average gain is at least average loss and a short insight otherwise.",Positions are controlled by one-day insight expiry and refreshed signals rather than a separate exit condition.,not implemented or not explicit,not implemented or not explicit,not implemented,Insight weight equals the constituent's ETF weight.,"Cross-sectional constituent portfolio weighted by the ETF's published constituent weights, with signs determined by RSI state.",Immediate execution model applies target changes generated by LEAN framework.,"[""ETF universe"", ""minimum constituent weight 0.1%"", ""RSI 7"", ""one-day horizon""]","For sufficiently large ETF constituents, use a short RSI state to assign long or short direction and scale each position by its ETF constituent weight. Rebalance as one-day signals refresh.",No profitability claim relied upon.,No independently verified result used.,LEAN default models; turnover costs not explicitly optimized,LEAN immediate execution default,official LEAN algorithm example,requires ETF constituent data subscription or local dataset,No obvious future-data access found in static review.,"[""High turnover across many constituents."", ""Constituent data timing and survivorship must be point-in-time."", ""Gross exposure can exceed intuitive ETF weight totals when signs differ.""]",No explicit martingale found.,5,4,3,3,active,2026-08-28,21416,5206,Apache-2.0,"Generally suitable for study, internal experimentation, modification, redistribution, and commercial use subject to Apache-2.0 notices and terms.",FAM-ETF-CONSTITUENT-RSI,
STRAT-0032,FAM-FUZZY-RSI-MOM,Fuzzy RSI-Momentum Allocation,"[""FuzzyInferenceAlgorithm""]",Machine learning and adaptive strategies,Rule-based fuzzy inference,verified from executable source,QuantConnect/Lean,https://github.com/QuantConnect/Lean,Algorithm.CSharp/FuzzyInferenceAlgorithm.cs,https://github.com/QuantConnect/Lean/blob/b692bf4788e8b54fc23bdcb5659666bf055ce89f/Algorithm.CSharp/FuzzyInferenceAlgorithm.cs,b692bf4788e8b54fc23bdcb5659666bf055ce89f,public GitHub repository source file,official LEAN example,[],C#,QuantConnect LEAN,LEAN,"[""equities""]","[""SPY""]","[""daily""]",long only with cash exit,"[""daily close""]",[],"[""RSI(14)"", ""Momentum(10)"", ""fuzzy membership functions"", ""nine fuzzy rules"", ""centroid defuzzification""]","When flat, buy with available margin if the defuzzified signal exceeds 30.",Sell the entire position if the defuzzified signal falls below -10.,not implemented or not explicit,not implemented or not explicit,not implemented,"Quantity is floor of remaining margin divided by current price, effectively using nearly all available buying power.",single-strategy position; no portfolio construction,Market orders on daily data.,"[""RSI 14"", ""MOM 10"", ""fuzzy membership breakpoints"", ""entry signal 30"", ""exit signal -10""]","Map RSI and momentum into fuzzy low, medium, high and down, neutral, up states, apply nine hand-written rules, defuzzify the result, invest nearly all capital above +30, and exit below -10.",No profitability claim relied upon.,No independently verified result used.,LEAN default brokerage and fee models,LEAN default fill model,official LEAN example,LEAN data dependency,No obvious future-data access found in static review.,"[""Hand-selected fuzzy rules and thresholds can be overfit."", ""All-in sizing creates concentrated exposure."", ""Momentum membership input is clipped to a fixed -20 to 20 domain.""]","No martingale, but near-all-in allocation is highly concentrated.",5,5,5,4,active,2026-08-28,21416,5206,Apache-2.0,"Generally suitable for study, internal experimentation, modification, redistribution, and commercial use subject to Apache-2.0 notices and terms.",FAM-FUZZY-RSI-MOM,
STRAT-0033,FAM-CAPE-REGIME,CAPE Regime with RSI and MACD,"[""BubbleAlgorithm""]",Event-driven and fundamental,Macro valuation regime,verified from executable source,QuantConnect/Lean,https://github.com/QuantConnect/Lean,Algorithm.Python/BubbleAlgorithm.py,https://github.com/QuantConnect/Lean/blob/b692bf4788e8b54fc23bdcb5659666bf055ce89f/Algorithm.Python/BubbleAlgorithm.py,b692bf4788e8b54fc23bdcb5659666bf055ce89f,public GitHub repository source file,official LEAN example,[],Python,QuantConnect LEAN,LEAN,"[""equities"", ""equity indices""]","[""SPY""]","[""monthly CAPE with daily indicators and minute execution check""]",long only,"[""CAPE ratio custom dataset"", ""price data"", ""RSI(14)"", ""MACD(12,26,9)""]","[""point-in-time CAPE ratio""]","[""CAPE threshold 20"", ""new quarterly CAPE low"", ""RSI"", ""MACD""]","In a CAPE-above-20 regime without a new quarterly low, buy at 09:31 when RSI is below 70 and MACD is positive. In a new-CAPE-low regime, buy at 09:31 when RSI is below 30 and MACD is positive.","In the high-CAPE regime, consider exit when RSI exceeds 70 and liquidate only if MACD is negative. In the new-low regime, consider exit when RSI exceeds 30 and liquidate only if MACD is negative.",not implemented or not explicit,not implemented or not explicit,not implemented,Set holdings to 100% of the selected symbol.,single-strategy position; no portfolio construction,Market orders at 09:31; custom monthly data timing must be point-in-time.,"[""CAPE 20"", ""four-observation new-low window"", ""RSI 70/30"", ""MACD sign"", ""09:31 execution""]","Use CAPE to choose an overvalued or valuation-trough regime, then combine regime-specific RSI thresholds with MACD sign to enter and exit a fully invested equity position.",No profitability claim relied upon.,No independently verified result used.,LEAN default brokerage and fee models,LEAN default fill model,official LEAN example,source references an external Dropbox CAPE CSV,No obvious future-data access found in static review.,"[""External data URL may no longer be reproducible."", ""CAPE publication timing must avoid revision and lookahead."", ""Broad exception handling can hide failures."", ""Array aliasing before sorting may mutate the rolling window unexpectedly.""]",No explicit martingale found.,4,4,2,3,active,2026-08-28,21416,5206,Apache-2.0,"Generally suitable for study, internal experimentation, modification, redistribution, and commercial use subject to Apache-2.0 notices and terms.",FAM-CAPE-REGIME,Alternative-data dependency and potential array-state bug materially reduce reproducibility.
STRAT-0034,FAM-COVERED-CALL,Covered Call Combo Limit Entry,"[""CoveredCallComboLimitOrderAlgorithm""]",Options strategies,Covered call combo execution,verified option-structure and execution example; exit incomplete,QuantConnect/Lean,https://github.com/QuantConnect/Lean,Algorithm.CSharp/CoveredCallComboLimitOrderAlgorithm.cs,https://github.com/QuantConnect/Lean/blob/b692bf4788e8b54fc23bdcb5659666bf055ce89f/Algorithm.CSharp/CoveredCallComboLimitOrderAlgorithm.cs,b692bf4788e8b54fc23bdcb5659666bf055ce89f,public GitHub repository source file,official LEAN regression example,[],C#,QuantConnect LEAN,LEAN,"[""equities"", ""equity options""]","[""GOOG shares and call options""]","[""intraday one-day regression example""]",long stock and short call,"[""underlying ask"", ""option chain"", ""option ask"", ""strike"", ""expiry""]",[],"[""closest expiry"", ""ATM-like call selection"", ""combo net debit""]","When flat, choose the closest-expiring call meeting the source strike filter, create legs of long 100 shares and short one call, and place a combo limit order at underlying ask minus option ask minus 0.5.",No economic exit is implemented; the one-day regression ends with the position lifecycle handled by the test.,not implemented,not implemented,not implemented,"The source submits six covered-call combos, each representing 100 shares against one short call.",Covered call: long stock and short one call per 100 shares.,Combo limit fill behavior and option spreads are central; the source intentionally checks that the order does not fill too quickly.,"[""closest expiry"", ""strike filter"", ""combo quantity 6"", ""limit improvement 0.5""]","Select a near-the-money call, pair one short call with 100 long shares, and submit the covered-call package as a net-debit combo limit order. Add an economic exit before treating it as a complete strategy.",No profitability claim relied upon.,No independently verified result used.,LEAN regression reports fees; strategy uses default models,"combo limit price supplies price control, but no explicit slippage model",yes; official LEAN regression algorithm with expected statistics,source states it can run locally,No obvious future-data access found in static review.,"[""This is an execution regression rather than a return-seeking lifecycle."", ""No assignment, roll, profit-taking, or risk exit rule.""]",No explicit martingale found.,3,5,5,3,active,2026-08-28,21416,5206,Apache-2.0,"Generally suitable for study, internal experimentation, modification, redistribution, and commercial use subject to Apache-2.0 notices and terms.",FAM-COVERED-CALL,
STRAT-0035,FAM-MULTI-SUPERTREND,Double Supertrend Directional Strategy,"[""Double Supertrend""]",Trend and momentum,Dual Supertrend entry and exit,verified from executable source,Alorse/pinescript-strategies,https://github.com/Alorse/pinescript-strategies,strategies/trend/Double Supertrend.pine,https://github.com/Alorse/pinescript-strategies/blob/8fb3837ddcd137f1450c3e82d654ff3df24d54d5/strategies/trend/Double%20Supertrend.pine,8fb3837ddcd137f1450c3e82d654ff3df24d54d5,public GitHub repository source file,reviewed Pine implementation; original concept predates repository,[],Pine Script,TradingView,Pine Script strategy engine,"[""equities"", ""futures"", ""forex"", ""cryptocurrency""]",[],"[""chart timeframe""]",configurable long only or short only,"[""OHLCV""]",[],"[""Supertrend entry variant"", ""Supertrend exit variant""]","In long mode, enter when the faster entry Supertrend direction turns bullish. In short mode, enter when it turns bearish.",Exit when the second Supertrend flips against the position. Optional percentage take-profit can also close.,Fixed 10% stop from average entry price.,Optional percentage profit target.,not implemented,Pine strategy percent-of-equity default in source.,single-strategy position; no portfolio construction,TradingView strategy bar execution and stop/limit simulation.,"[""two ATR periods"", ""two Supertrend multipliers"", ""long or short mode"", ""take-profit percent"", ""stop 10%""]","Use one Supertrend for entry direction and a separately parameterized Supertrend for exit. Trade only the selected side, with optional fixed profit target and 10% stop.",No profitability claim relied upon.,No independently verified result used.,0.06% commission specified in strategy declaration,not explicitly configured,repository CI validates and backtests supported Pine v5 strategies,repository sample OHLCV data present,No obvious future-data access found in static review.,"[""Supertrend state can differ across execution engines."", ""Parameter pairs can be optimized heavily.""]",No explicit martingale found.,5,5,4,4,active,2026-08-25,166,54,MPL-2.0 file header,File header states MPL-2.0. Study and reuse should follow the file-level MPL terms.,FAM-MULTI-SUPERTREND,
STRAT-0036,FAM-TTM-SQUEEZE,TTM Squeeze Momentum Reversal,"[""TTM Squeeze""]",Trend and momentum,Squeeze momentum with RSI trigger,verified from executable source,Alorse/pinescript-strategies,https://github.com/Alorse/pinescript-strategies,strategies/momentum/TTM Squeeze.pine,https://github.com/Alorse/pinescript-strategies/blob/8fb3837ddcd137f1450c3e82d654ff3df24d54d5/strategies/momentum/TTM%20Squeeze.pine,8fb3837ddcd137f1450c3e82d654ff3df24d54d5,public GitHub repository source file,reviewed implementation; canonical origin not established,[],Pine Script,TradingView,Pine Script strategy engine,"[""equities"", ""futures"", ""forex"", ""cryptocurrency""]",[],"[""chart timeframe""]",long and short,"[""OHLCV""]",[],"[""Bollinger/Keltner squeeze state"", ""linear-regression momentum oscillator"", ""RSI""]",Enter long when momentum is below zero but rising and RSI crosses above 30. Enter short when momentum is above zero but falling and RSI crosses below 70.,Close or reverse on opposite signal; limit exits are submitted using configurable percentage target logic.,not implemented,Percentage limit target is calculated; source toggle behavior should be checked because an exit order is still submitted.,not implemented,Percent of equity from Pine strategy declaration.,single-strategy position; no portfolio construction,bar-based execution using framework defaults,"[""BB length and deviation"", ""KC length and multiplier"", ""RSI thresholds 30/70"", ""profit target percent""]","Use squeeze-style momentum direction and an RSI boundary cross to trade early reversals: long from negative but improving momentum, short from positive but weakening momentum, with percentage limit exits.",No profitability claim relied upon.,No independently verified result used.,0.1% commission specified,not explicitly configured,repository CI validates and backtests supported Pine v5 strategies,repository sample OHLCV data present,No obvious future-data access found in static review.,"[""No hard stop."", ""Take-profit enable toggle and submitted exit behavior may not align."", ""Oscillator construction is parameter dense.""]","No martingale, but loss is uncapped without opposite signal or liquidation.",4,4,4,4,active,2026-08-25,166,54,No repository license found,"Study is practical. No repository-wide license means copying, modification, redistribution, or commercial reuse is not automatically permitted. Check each file header.",FAM-TTM-SQUEEZE,
STRAT-0037,FAM-BB-WINNER,BB Winner PRO Multi-Filter Reversion,"[""BB Winner PRO""]",Mean reversion,"Bollinger penetration with RSI, Aroon and trend filters",verified from executable source,Alorse/pinescript-strategies,https://github.com/Alorse/pinescript-strategies,strategies/mean-reversion/BB Winner PRO.pine,https://github.com/Alorse/pinescript-strategies/blob/8fb3837ddcd137f1450c3e82d654ff3df24d54d5/strategies/mean-reversion/BB%20Winner%20PRO.pine,8fb3837ddcd137f1450c3e82d654ff3df24d54d5,public GitHub repository source file,reviewed implementation; canonical origin not established,[],Pine Script,TradingView,Pine Script strategy engine,"[""equities"", ""futures"", ""forex"", ""cryptocurrency""]",[],"[""chart timeframe""]","long and short, long enabled by default","[""OHLCV""]",[],"[""Bollinger Bands"", ""RSI"", ""Aroon"", ""moving-average trend filters"", ""candle-body penetration""]","Enter after candle-body penetration beyond a Bollinger Band when enabled RSI, Aroon, and moving-average filters agree with the configured side.","Exit at the opposite Bollinger region, optional early-exit filters, stop, or target.",Selectable percentage or ATR-based stop.,Configurable percentage target.,Stop state can ratchet as bars advance.,Percent of equity from Pine strategy declaration.,single-strategy position; no portfolio construction,bar-based execution using framework defaults,"[""BB length and deviation"", ""RSI filter"", ""Aroon filter"", ""MA filters"", ""ATR or percent stop"", ""target percent""]","Trade a Bollinger-band mean-reversion setup only when multiple optional momentum and trend filters agree, then close at the opposite band or through configurable target and stop logic.",No profitability claim relied upon.,No independently verified result used.,commission specified in strategy declaration,not explicitly configured,repository CI validates and backtests supported Pine v5 strategies,repository sample OHLCV data present,No obvious future-data access found in static review.,"[""Large filter set creates overfitting risk."", ""One short-side stop update appears to use max where min would normally be expected."", ""A short-side branch references a long early-exit variable.""]",No explicit martingale found.,4,3,3,3,active,2026-08-25,166,54,No repository license found,"Study is practical. No repository-wide license means copying, modification, redistribution, or commercial reuse is not automatically permitted. Check each file header.",FAM-BB-WINNER,Executable but requires targeted defect tests before reproduction.
STRAT-0038,FAM-DIRECTIONAL-GRID,Directional Fixed-Grid Pyramiding,"[""GridBotDir""]",Crypto-specific,Directional grid accumulation,verified from executable source,Alorse/pinescript-strategies,https://github.com/Alorse/pinescript-strategies,strategies/grid/GridBotDir [Alorse].pine,https://github.com/Alorse/pinescript-strategies/blob/8fb3837ddcd137f1450c3e82d654ff3df24d54d5/strategies/grid/GridBotDir%20%5BAlorse%5D.pine,8fb3837ddcd137f1450c3e82d654ff3df24d54d5,public GitHub repository source file,reviewed implementation; canonical origin not established,[],Pine Script,TradingView,Pine Script strategy engine,"[""cryptocurrency"", ""equities"", ""futures"", ""forex""]",[],"[""chart timeframe""]",long and short,"[""OHLCV""]",[],"[""fixed grid levels"", ""direction filter"", ""price-level cross detection""]",Create grid levels over a configured range. Enter or add long or short positions as price crosses enabled grid levels in the permitted direction.,No explicit flattening or loss-limiting exit was identified in the reviewed source.,not implemented,not implemented as a conventional target,not implemented,Pyramiding up to 10 entries with percent-of-equity sizing; source default uses 100% quantity setting.,Accumulates multiple entries across fixed grid levels.,TradingView bar-level cross detection and pyramiding fills.,"[""grid bounds"", ""number of levels"", ""direction"", ""pyramiding 10"", ""percent-of-equity quantity""]","Divide a fixed price range into grid levels and add directional positions whenever price crosses an enabled level. A production implementation needs explicit flattening, exposure caps, and loss limits.",No profitability claim relied upon.,No independently verified result used.,0.1% commission specified,not explicitly configured,repository CI validates and backtests supported Pine v5 strategies,repository sample OHLCV data present,No obvious future-data access found in static review.,"[""No clear terminal exit."", ""Fixed range can become obsolete."", ""Repeated entries can concentrate exposure."", ""Bar-cross fills may be optimistic during gaps.""]",High risk: pyramiding and no explicit loss cap can create effectively unbounded exposure within platform limits.,3,4,4,3,active,2026-08-25,166,54,MPL-2.0 file header,File header states MPL-2.0. Study and reuse should follow the file-level MPL terms.,FAM-DIRECTIONAL-GRID,
STRAT-0039,FAM-REPAINT-MTF-HA,Repainting MTF Heikin-Ashi EMA Cross,"[""Javo v1 Repaint""]",Trend and momentum,Multi-timeframe Heikin-Ashi EMA crossover,verified from executable source,Alorse/pinescript-strategies,https://github.com/Alorse/pinescript-strategies,strategies/other/Javo v1 [Repaint].pine,https://github.com/Alorse/pinescript-strategies/blob/8fb3837ddcd137f1450c3e82d654ff3df24d54d5/strategies/other/Javo%20v1%20%5BRepaint%5D.pine,8fb3837ddcd137f1450c3e82d654ff3df24d54d5,public GitHub repository source file,reviewed implementation; canonical origin not established,[],Pine Script,TradingView,Pine Script strategy engine,"[""equities"", ""futures"", ""forex"", ""cryptocurrency""]",[],"[""chart timeframe with 60 and 180 minute higher-timeframe inputs""]",long and short,"[""OHLCV""]",[],"[""Heikin-Ashi close"", ""higher-timeframe request.security"", ""fast EMA"", ""slow EMA""]",Enter long when the fast EMA crosses above the slow EMA and short when it crosses below.,Opposite entry reverses the position.,not implemented or not explicit,not implemented or not explicit,not implemented,50% of equity by default.,single-strategy position; no portfolio construction,TradingView bar execution using higher-timeframe series.,"[""60 minute and 180 minute timeframes"", ""EMA periods"", ""series shifts""]",Cross two EMAs calculated from higher-timeframe Heikin-Ashi data and reverse direction on each cross. Do not use reported historical results because the source explicitly requests future higher-timeframe data.,No profitability claim relied upon.,No independently verified result used.,0.1% commission specified,not explicitly configured,"repository CI can validate syntax, but cannot make repainting results credible",repository sample OHLCV data present,"Critical: request.security uses barmerge.lookahead_on, exposing future higher-timeframe values and repainting history.","[""Synthetic Heikin-Ashi prices are not directly executable."", ""Higher-timeframe future leakage invalidates ordinary backtest statistics.""]",No explicit martingale found.,5,5,1,2,active,2026-08-25,166,54,No repository license found,"Study is practical. No repository-wide license means copying, modification, redistribution, or commercial reuse is not automatically permitted. Check each file header.",FAM-REPAINT-MTF-HA,"Retained as required by the brief, but flagged as technically invalid for unbiased backtesting."
STRAT-0040,FAM-PINBAR-TREND,Pin-Bar Trend Pullback with Risk Sizing,"[""Pin Bar Magic v1""]",Candlestick and price action,Trend-aligned pin-bar pullback,verified from executable source,Alorse/pinescript-strategies,https://github.com/Alorse/pinescript-strategies,strategies/other/Pin Bar Magic v1.pine,https://github.com/Alorse/pinescript-strategies/blob/8fb3837ddcd137f1450c3e82d654ff3df24d54d5/strategies/other/Pin%20Bar%20Magic%20v1.pine,8fb3837ddcd137f1450c3e82d654ff3df24d54d5,public GitHub repository source file,reviewed implementation; canonical origin not established,[],Pine Script,TradingView,Pine Script strategy engine,"[""forex"", ""futures"", ""equities"", ""cryptocurrency""]",[],"[""1 hour recommended in source""]",long and short,"[""OHLCV""]",[],"[""SMA(50)"", ""EMA(18)"", ""EMA(6)"", ""pin-bar wick ratio"", ""MA piercing"", ""ATR(14)""]","For long, require EMA(6) above EMA(18) above SMA(50), a bullish pin bar, and a candle that pierces and closes back above one of the averages. Place a stop-entry at the prior high. Use symmetric bearish rules and prior low for shorts.",Close all on fast/medium EMA recross against the position or at Friday 16:00; trailing exit also manages open trades.,"Sizing stop reference is prior low minus ATR multiple for long and prior high plus ATR multiple for short, but the submitted exit uses trailing points rather than a fixed order at that reference.",not implemented,Trailing points and offset are submitted with each entry.,Units = selected equity risk / distance from stop-entry price to ATR-adjusted stop reference.,single-strategy position; no portfolio construction,Stop entries can remain for a configurable number of bars before cancellation.,"[""risk percent 3"", ""EMA 6/18"", ""SMA 50"", ""ATR 14 x 0.5"", ""entry cancellation 3 bars"", ""trail points and offset""]","In a stacked moving-average trend, wait for a pin bar that pierces an average and closes back with trend. Enter beyond the pin-bar extreme, size by equity risk and ATR stop distance, cancel stale entries, and trail or exit on trend recross or Friday close.",No profitability claim relied upon.,No independently verified result used.,0.1% commission specified,not explicitly configured,Pine v4 source is outside the repository's v5/v6 automated backtest coverage,repository sample OHLCV data present,No obvious future-data access found in static review.,"[""Risk sizing reference is not directly placed as the active stop order."", ""Pip-like trail parameters are instrument dependent."", ""Stop-entry gap fills can exceed planned risk.""]",No explicit martingale found.,4,5,3,4,active,2026-08-25,166,54,No repository license found,"Study is practical. No repository-wide license means copying, modification, redistribution, or commercial reuse is not automatically permitted. Check each file header.",FAM-PINBAR-TREND,
STRAT-0041,FAM-BB-RSI-REV,RSI and Bollinger Breakout Reversal EA,"[""RSI_Bollinger_Breakout_EA""]",Mean reversion,RSI-confirmed Bollinger reversal,verified from executable source,5mehulhelp5/Algorithmic-Trading-Expert-Advisors,https://github.com/5mehulhelp5/Algorithmic-Trading-Expert-Advisors,RSI & BB YSFB.mq5,https://github.com/5mehulhelp5/Algorithmic-Trading-Expert-Advisors/blob/e4d4c265661b4f3263ff6264270810cb3188cb65/RSI%20%26%20BB%20YSFB.mq5,e4d4c265661b4f3263ff6264270810cb3188cb65,public GitHub repository source file,reviewed implementation; canonical origin not established,[],MQL5,MetaTrader 5,MQL5 Expert Advisor,"[""forex"", ""CFDs"", ""exchange-traded instruments supported by MT5""]",[],"[""chart timeframe""]",long and short,"[""OHLC"", ""bid and ask""]",[],"[""RSI(14)"", ""Bollinger Bands(20,2)"", ""new-bar detection""]","On a new bar, sell if the previous closed bar's RSI is above 80 and its close crossed above the upper Bollinger Band. Buy if RSI is below 20 and close crossed below the lower band.","Trades exit through broker stop-loss, take-profit, or optional trailing stop. New signals are ignored while any account position exists.","100 points from entry by default, validated against broker minimum stop distance.",200 points from entry by default.,"Optional 50-point trailing distance, activated after 50 points of profit and updated in 10-point steps.",Fixed lot size 0.01.,single-strategy position; no portfolio construction,"Market deal at current ask for buys and bid for sells, deviation 10; PositionsTotal check is account-wide rather than symbol-specific.","[""RSI 14"", ""80/20 thresholds"", ""BB 20 x 2"", ""lot 0.01"", ""SL 100 points"", ""TP 200 points"", ""trail 50/10""]","Fade a closed-bar breakout beyond a Bollinger Band only when RSI is extremely overbought or oversold. Enter at market on the next bar and manage with fixed point stop, target, and optional trailing stop.",No profitability claim relied upon.,No independently verified result used.,live broker spread applies; no explicit commission calculation,"order deviation set to 10 points, but no research slippage model",no tests found,no sample data found,No obvious future-data access found in static review.,"[""Point distances are instrument dependent."", ""Account-wide position check can suppress valid symbols."", ""Indicator CopyBuffer return values are not validated.""]",No explicit martingale found.,5,5,3,4,recent but low activity,2026-02-12,0,2,No license found,"Study is practical. No license was found, so modification, redistribution, and commercial reuse are not automatically permitted.",FAM-BB-RSI-REV,
STRAT-0042,FAM-MULTI-SUPERTREND,Triple Supertrend with Contrarian MA and Ichimoku Filters,"[""YSFB Supertrend""]",Trend and momentum,Triple Supertrend plus MA and cloud filters,verified from executable source,5mehulhelp5/Algorithmic-Trading-Expert-Advisors,https://github.com/5mehulhelp5/Algorithmic-Trading-Expert-Advisors,YSFB Supertrend.mq5,https://github.com/5mehulhelp5/Algorithmic-Trading-Expert-Advisors/blob/e4d4c265661b4f3263ff6264270810cb3188cb65/YSFB%20Supertrend.mq5,e4d4c265661b4f3263ff6264270810cb3188cb65,public GitHub repository source file,reviewed implementation; canonical origin not established,[],MQL5,MetaTrader 5,MQL5 Expert Advisor,"[""forex"", ""CFDs"", ""exchange-traded instruments supported by MT5""]",[],"[""chart timeframe""]",long and short,"[""OHLCV""]",[],"[""three custom Supertrend calculations"", ""SMA(200)"", ""Ichimoku cloud""]","After any Supertrend state changes, buy only if all three are up while current price is below the 200-period MA and below the Ichimoku cloud. Sell only if all three are down while price is above the MA and above the cloud.",Each order receives fixed stop and target; no signal-based close or existing-position guard is implemented.,400 points from entry.,400 points from entry.,not implemented,Fixed lot size 0.01.,single-strategy position; no portfolio construction,Runs once per new candle but reads the forming bar at shift 0; can submit additional positions on later aligned state changes.,"[""Supertrend 10x1, 12x3, 11x2"", ""SMA 200"", ""Ichimoku 9/26/52"", ""SL and TP 400 points""]","Wait for three Supertrend states to align, then apply the executable contrarian location filter: buy only below both MA and cloud during aligned uptrend, sell only above both during aligned downtrend. Use equal point stop and target.",No profitability claim relied upon.,No independently verified result used.,live spread applies; commission not modeled,not explicit,no tests found,no sample data found,"Uses current forming-bar values at the first tick of a new bar; not future leakage, but indicator timing may differ from a closed-bar implementation.","[""Printed descriptions claim the opposite MA/cloud relationships from executable conditions."", ""No position-existence check can stack trades."", ""Indicator handles are repeatedly created without release."", ""Custom Supertrend initialization is fragile.""]","No martingale, but repeated fixed-lot entries can accumulate exposure.",3,2,2,2,recent but low activity,2026-02-12,0,2,No license found,"Study is practical. No license was found, so modification, redistribution, and commercial reuse are not automatically permitted.",FAM-MULTI-SUPERTREND,Executable conditions were recorded exactly even though they contradict comments and print messages.
STRAT-0043,FAM-THREE-LINE-STRIKE,Four-Candle Three-Line-Strike Attempt,"[""Three Line Strike EA""]",Candlestick and price action,Four-candle reversal pattern,verified defective implementation; intended pattern reconstructable,5mehulhelp5/Algorithmic-Trading-Expert-Advisors,https://github.com/5mehulhelp5/Algorithmic-Trading-Expert-Advisors,Three Line Strike EA YSFB.mq5,https://github.com/5mehulhelp5/Algorithmic-Trading-Expert-Advisors/blob/e4d4c265661b4f3263ff6264270810cb3188cb65/Three%20Line%20Strike%20EA%20YSFB.mq5,e4d4c265661b4f3263ff6264270810cb3188cb65,public GitHub repository source file,reviewed implementation; canonical origin not established,[],MQL5,MetaTrader 5,MQL5 Expert Advisor,"[""forex"", ""CFDs"", ""exchange-traded instruments supported by MT5""]",[],"[""chart timeframe""]",long and short,"[""OHLCV""]",[],"[""four closed candles"", ""body-size ratios"", ""ATR(14)""]",The source attempts to detect three same-color candles with minimum body persistence followed by a large opposite-color fourth candle. It then buys if a counter equals +4 and sells if it equals -4.,Broker stop-loss and take-profit only.,Two ATR from entry by default.,One ATR from entry by default.,not implemented,Fixed lot size 0.01.,single-strategy position; no portfolio construction,Market entry once per new bar after inspecting closed bars 4 through 1.,"[""ATR 14"", ""SL 2 ATR"", ""TP 1 ATR"", ""body average 20"", ""body persistence 0.7"", ""final body ratio 2""]",Intended rule: detect a three-line-strike reversal from four closed candles and enter in the direction of the final engulfing candle with ATR bracket orders. The supplied counter condition appears contradictory and should be corrected before use.,No profitability claim relied upon.,No independently verified result used.,live spread applies; commission not modeled,not explicit,no tests found,no sample data found,No obvious future-data access found in static review.,"[""The final candle is required to have the opposite color, yet entry checks counter ±4, which likely makes signals unreachable."", ""ATR is read from the current bar rather than a closed bar.""]",No explicit martingale found.,2,3,1,3,recent but low activity,2026-02-12,0,2,No license found,"Study is practical. No license was found, so modification, redistribution, and commercial reuse are not automatically permitted.",FAM-THREE-LINE-STRIKE,"Retained in the catalog because source contains entry and risk logic, but executable entry is likely unreachable."
STRAT-0044,FAM-LONG-WICK-REV,Long-Wick Reversal with ATR Bracket,"[""Advanced LongWick""]",Candlestick and price action,Long-wick reversal,verified from executable source,5mehulhelp5/Algorithmic-Trading-Expert-Advisors,https://github.com/5mehulhelp5/Algorithmic-Trading-Expert-Advisors,Advanced LongWick.mq5,https://github.com/5mehulhelp5/Algorithmic-Trading-Expert-Advisors/blob/e4d4c265661b4f3263ff6264270810cb3188cb65/Advanced%20LongWick.mq5,e4d4c265661b4f3263ff6264270810cb3188cb65,public GitHub repository source file,reviewed implementation; canonical origin not established,[],MQL5,MetaTrader 5,MQL5 Expert Advisor,"[""forex"", ""CFDs"", ""exchange-traded instruments supported by MT5""]",[],"[""1 hour noted by source""]",long and short,"[""OHLCV""]",[],"[""upper and lower wick-to-body ratios"", ""candle body relative to 20-bar average"", ""previous candle direction"", ""ATR(14)""]","Sell when the previous candle's upper wick is at least three body lengths, lower wick no more than two body lengths, body at least 0.3 of recent average, and the candle before it is a large green candle. Buy under the symmetric lower-wick condition after a large red candle.",Broker stop-loss or take-profit only.,Two ATR from entry by default.,Three ATR from entry by default.,not implemented,Fixed lot size 0.01.,single-strategy position; no portfolio construction,Market entry on first tick of a new bar using the preceding two closed candles.,"[""wick/body 3"", ""opposite wick/body 2"", ""body/average 0.3"", ""prior body/average 1"", ""ATR 14"", ""SL 2 ATR"", ""TP 3 ATR""]","Fade a candle with an extreme rejection wick after a large same-direction predecessor, provided body-size filters pass. Enter next bar with a 2 ATR stop and 3 ATR target.",No profitability claim relied upon.,No independently verified result used.,live spread applies; commission not modeled,not explicit,no tests found,no sample data found,No obvious future-data access found in static review.,"[""The candle-body sum variable is not explicitly initialized."", ""Doji candles can cause division by zero."", ""No existing-position check can stack trades."", ""ATR handle is recreated without release.""]","No martingale, but repeated signals can accumulate positions.",3,4,2,4,recent but low activity,2026-02-12,0,2,No license found,"Study is practical. No license was found, so modification, redistribution, and commercial reuse are not automatically permitted.",FAM-LONG-WICK-REV,
STRAT-0045,FAM-MA-CROSS-HA,Heikin-Ashi HMA Regime with ADX and EMA Filters,"[""HmaCrossOver""]",Trend and momentum,Hull moving-average regime,verified from executable source,vinay-veerappa/tvDownloadOHLC,https://github.com/vinay-veerappa/tvDownloadOHLC,scripts/strategies/From_NT8/HmaCrossOver.cs,https://github.com/vinay-veerappa/tvDownloadOHLC/blob/921a9004c50467690f9afcd47786a1c851f7aef8/scripts/strategies/From_NT8/HmaCrossOver.cs,921a9004c50467690f9afcd47786a1c851f7aef8,public GitHub repository source file,reviewed implementation; canonical origin not established,[],C#,NinjaTrader 8,NinjaScript,"[""futures"", ""forex"", ""equities""]",[],"[""chart timeframe""]",long and short,"[""OHLC"", ""session clock"", ""realized strategy P&L""]",[],"[""custom HeikenAshi8 close"", ""HMA(23)"", ""HMA(60)"", ""EMA(100)"", ""ADX(14)""]","Enter or reverse long while fast HMA is above slow HMA, price is above EMA(100) when enabled, and ADX exceeds 15 when enabled. Enter or reverse short under the symmetric conditions.",Opposite regime entry reverses the position; platform session-close exit applies. Commented-out hook exits do not execute.,1% stop through SetStopLoss.,Profit target property exists but SetProfitTarget is commented out.,not implemented,NinjaTrader DefaultQuantity; source exposes a Contracts property but entry calls use DefaultQuantity.,single-strategy position; no portfolio construction,"Calculate.OnBarClose, zero configured slippage, one entry per direction, session-close exit 30 seconds before close.","[""HMA 23/60"", ""EMA 100"", ""ADX 14 > 15"", ""stop 1%"", ""daily loss -1000"", ""daily profit 1000"", ""daily trade count 10"", ""session window""]","On Heikin-Ashi-derived closes, hold long when fast HMA is above slow HMA and optional EMA and ADX filters agree; hold short under the inverse. Stop at 1%, halt new entries after daily P&L or trade limits, and flatten at session close.",No profitability claim relied upon.,No independently verified result used.,no commission in source,explicitly set to zero,no strategy-specific tests found,"repository contains data tooling, but no dedicated sample tied to this strategy was verified",No obvious future-data access found in static review.,"[""Custom HeikenAshi8 dependency reduces portability."", ""Daily limit code uses real-time trades, so historical backtest behavior differs."", ""Time-window expression is non-obvious for an overnight session."", ""Profit target declaration is inactive.""]",No explicit martingale found.,4,4,2,2,active,2026-08-30,1,1,No license found,"Study is practical. No license was found, so copying, modification, redistribution, and commercial reuse are not automatically permitted.",FAM-MA-CROSS-HA,
STRAT-0046,FAM-WILLIAMSR-CROSS,Williams %R Signal Cross with Supertrend Change Filter,"[""WilliamsRStrategy""]",Trend and momentum,Smoothed Williams percent R crossover,verified from executable source,vinay-veerappa/tvDownloadOHLC,https://github.com/vinay-veerappa/tvDownloadOHLC,scripts/strategies/From_NT8/WilliamsRStrategy.cs,https://github.com/vinay-veerappa/tvDownloadOHLC/blob/921a9004c50467690f9afcd47786a1c851f7aef8/scripts/strategies/From_NT8/WilliamsRStrategy.cs,921a9004c50467690f9afcd47786a1c851f7aef8,public GitHub repository source file,reviewed implementation; canonical origin not established,[],C#,NinjaTrader 8,NinjaScript,"[""futures"", ""forex"", ""equities""]",[],"[""chart timeframe within configured sessions""]",long and short,"[""OHLCV""]",[],"[""Williams %R(21)"", ""EMA(13) of Williams %R"", ""EMA(26) of the signal"", ""custom AuSuperTrend stop line change""]","Within enabled sessions, enter long when the Williams signal EMA is at or above its slower EMA and the custom Supertrend stop line changes. Enter short when the signal EMA is at or below the slower EMA and the stop line changes.",Exit long when the Williams signal falls to or below its slower EMA; exit short on the opposite cross. Platform session-close exit also applies.,60 ticks by default.,"A 30-tick target property exists, but SetProfitTarget is commented out.",Break-even and trailing parameters are declared but their active management code was not present in the reviewed executable path.,DefaultQuantity.,single-strategy position; no portfolio construction,"Calculate.OnBarClose, zero slippage, session filters, custom indicators required.","[""Williams R 21"", ""signal EMA 13"", ""second EMA 26"", ""stop 60 ticks"", ""session windows""]","Trade the crossover of a smoothed Williams %R signal and its slower EMA, but only when a custom Supertrend line changes. Exit on the reverse crossover and protect with a fixed tick stop.",No profitability claim relied upon.,No independently verified result used.,no commission in source,explicitly set to zero,no strategy-specific tests found,not verified,No obvious future-data access found in static review.,"[""Depends on custom AuSuperTrendU11 and HalfTrend indicators."", ""Several trailing and target properties are unused."", ""Signal uses equality-inclusive conditions that can retrigger around flat values.""]",No explicit martingale found.,3,4,2,2,active,2026-08-30,1,1,No license found,"Study is practical. No license was found, so copying, modification, redistribution, and commercial reuse are not automatically permitted.",FAM-WILLIAMSR-CROSS,
STRAT-0047,FAM-EMA-ATR-PYRAMID,Five-Minute EMA Volatility Pyramiding System,"[""FiveMinVolatilityAlgo""]",Volatility strategies,EMA crossover with volatility sizing and favorable pyramiding,verified from executable source,vinay-veerappa/tvDownloadOHLC,https://github.com/vinay-veerappa/tvDownloadOHLC,scripts/strategies/From_NT8/FiveMinVolatilityAlgo.cs,https://github.com/vinay-veerappa/tvDownloadOHLC/blob/921a9004c50467690f9afcd47786a1c851f7aef8/scripts/strategies/From_NT8/FiveMinVolatilityAlgo.cs,921a9004c50467690f9afcd47786a1c851f7aef8,public GitHub repository source file,reviewed implementation; canonical origin not established,[],C#,NinjaTrader 8,NinjaScript,"[""futures""]","[""MNQ""]","[""5 minutes""]",long and short,"[""OHLC"", ""ATR"", ""session clock"", ""instrument point value"", ""account P&L""]",[],"[""EMA(9)"", ""EMA(200)"", ""ATR(40)"", ""session second-high and second-low"", ""account P&L""]","Before the late-session cutoff and subject to one trade per day, buy on EMA(9) crossing above EMA(200) or sell on the opposite cross. Skip the day after an opening gap larger than 7.3 ATR.","Exit at fixed target, ATR or currency stop, trailing drawdown, late-session condition, account P&L guard, or session close. After a cutoff, target can be moved to the session's second-high or second-low.",Initial stop is the tighter of 1.3 ATR and a currency-per-contract cap. Stop can trail from the best price and is recalculated after add-ons.,"Fixed currency target normalized by point value and quantity, with possible late-session second-extreme target.",Best-price trailing drawdown uses a configurable currency amount per initial quantity.,Start with IQ contracts. Add up to two times after favorable movement of 0.9 to 2.5 ATR; add size is capped by 10*IQ total and floor(SizingPoints*IQ/ATR).,Single futures instrument with favorable pyramiding up to three entries.,On-bar-close strategy plus OnAccountItemUpdate live-account checks; zero explicit commission; RealtimeErrorHandling ignores errors.,"[""EMA 9/200"", ""ATR 40 x 1.3"", ""max trades 1"", ""stop 600 currency"", ""target 1800 currency"", ""trailing drawdown 900"", ""gap filter 7.3 ATR"", ""cutoff 69 bars""]","On 5-minute MNQ, take one daily EMA(9/200) crossover unless the session opens with an extreme ATR gap. Use ATR and currency-capped risk, add only after favorable movement, trail the best price, and enforce target, session, and account-level exits.",No profitability claim relied upon.,No independently verified result used.,no commission in source,not explicitly configured in shown defaults,no strategy-specific tests found,not verified,No obvious future-data access found in static review.,"[""Uses live account P&L and DateTime.Now, which can diverge between historical and live runs."", ""Pyramiding and account-wide state complicate isolated backtests."", ""Second-high and second-low calculations need edge-case testing."", ""Error handling ignores execution errors.""]","Not martingale because additions follow favorable movement, but leverage increases with pyramiding.",5,4,2,2,active,2026-08-30,1,1,No license found,"Study is practical. No license was found, so copying, modification, redistribution, and commercial reuse are not automatically permitted.",FAM-EMA-ATR-PYRAMID,
STRAT-0048,FAM-PAIRS-ZSCORE,OLS Z-Score Pair Trading,"[""PairTradingStrategy""]",Statistical arbitrage,Rolling OLS spread z-score,verified from executable source,mementum/backtrader,https://github.com/mementum/backtrader,contrib/samples/pair-trading/pair-trading.py,https://github.com/mementum/backtrader/blob/b853d7c90b6721476eb5a5ea3135224e33db1f14/contrib/samples/pair-trading/pair-trading.py,b853d7c90b6721476eb5a5ea3135224e33db1f14,public GitHub repository source file,Backtrader contributed sample,[],Python,Backtrader,Backtrader,"[""equities"", ""ETFs""]","[""PEP and KO sample""]","[""daily sample""]",paired long and short,"[""aligned OHLC for two instruments""]",[],"[""rolling OLS transformation"", ""hedge-ratio spread z-score""]","If z-score exceeds +2.1, short data0 and buy data1. If z-score falls below -2.1, buy data0 and short data1.",The neutral-zone close block is commented out. An opposite extreme trades enough of both legs to reverse the spread position.,not implemented,not implemented,not implemented,Allocate half of a fixed portfolio value to each leg by dividing by each current price; reversal orders include existing plus desired quantity.,Two-leg approximately equal-dollar pair position.,Market orders on synchronized Backtrader data feeds.,"[""OLS period 10"", ""entry z +2.1/-2.1"", ""neutral thresholds +0.5/-0.5 inactive"", ""portfolio value 10000""]",Estimate a rolling OLS spread and its z-score. Enter against excursions beyond ±2.1 with approximately equal dollars on both legs. The supplied code does not flatten near zero and instead reverses only at the opposite extreme.,No profitability claim relied upon.,No independently verified result used.,0.5% percentage commission in sample command defaults,not explicitly configured,"sample strategy, not a dedicated unit test",Backtrader repository includes sample CSV data,No obvious future-data access found in static review.,"[""No neutral close because that block is commented out."", ""No stop or maximum holding period."", ""Equal-dollar sizing does not necessarily match OLS hedge ratio."", ""Data synchronization and shorting constraints matter.""]",No explicit martingale found.,4,5,5,4,stale but not archived,2024-08-19,23024,5255,GPL-3.0-or-later,Studying and internal experimentation are practical. Modification and redistribution must respect GPL terms stated in the source files.,FAM-PAIRS-ZSCORE,
STRAT-0049,FAM-MACD-ATR-RATCHET,MACD Entry with ATR Ratchet Stop,"[""TheStrategy"", ""Tharp MACD sample""]",Trend and momentum,MACD crossover with ATR trailing stop,verified from executable source,mementum/backtrader,https://github.com/mementum/backtrader,samples/macd-settings/macd-settings.py,https://github.com/mementum/backtrader/blob/b853d7c90b6721476eb5a5ea3135224e33db1f14/samples/macd-settings/macd-settings.py,b853d7c90b6721476eb5a5ea3135224e33db1f14,public GitHub repository source file,official Backtrader sample,[],Python,Backtrader,Backtrader,"[""equities""]","[""Yahoo-style daily equity data""]","[""daily sample""]",long only,"[""OHLC""]",[],"[""MACD(12,26,9)"", ""SMA(30) direction over 10 bars"", ""ATR(14)""]",Enter long when MACD crosses above its signal while the 30-bar SMA is below its value 10 bars ago.,Exit when close falls below the ratcheted stop.,"Initial stop is close minus 3 ATR. Each bar, raise the stop to max(previous stop, close minus 3 ATR).",not implemented or not explicit,ATR ratchet never moves downward.,Use 20% of current cash for each operation through a custom sizer.,single-strategy position; no portfolio construction,Backtrader next-bar market execution; one pending order at a time.,"[""MACD 12/26/9"", ""SMA 30"", ""direction lookback 10"", ""ATR 14 x 3"", ""cash allocation 20%""]","Buy a bullish MACD crossover only while the medium-term SMA slope is negative, then trail a one-way stop three ATR below the close. Size each entry using 20% of available cash.",No profitability claim relied upon.,No independently verified result used.,0.33% commission default,not explicitly configured,"official sample, not a strategy-specific unit test",repository includes sample equity datasets,No obvious future-data access found in static review.,"[""Countertrend SMA condition is unusual and may be sample-specific."", ""Close-only stop trigger can realize more loss than the nominal level after gaps.""]",No explicit martingale found.,5,5,5,5,stale but not archived,2024-08-19,23024,5255,GPL-3.0-or-later,Studying and internal experimentation are practical. Modification and redistribution must respect GPL terms stated in the source files.,FAM-MACD-ATR-RATCHET,
STRAT-0050,FAM-CROSS-ASSET-SIGNAL,Cross-Asset SMA Signal Trading Both Assets,"[""MultiDataStrategy""]",Trend and momentum,Signal asset moving-average crossover,verified from executable source,mementum/backtrader,https://github.com/mementum/backtrader,samples/multidata-strategy/multidata-strategy.py,https://github.com/mementum/backtrader/blob/b853d7c90b6721476eb5a5ea3135224e33db1f14/samples/multidata-strategy/multidata-strategy.py,b853d7c90b6721476eb5a5ea3135224e33db1f14,public GitHub repository source file,official Backtrader sample,[],Python,Backtrader,Backtrader,"[""equities"", ""multi-asset""]","[""ORCL and YHOO sample""]","[""daily sample""]",long only cycle,"[""aligned OHLC for two instruments""]",[],"[""SMA(15) on second data feed"", ""price/SMA crossover""]","When data1 close crosses above its 15-bar SMA and the strategy is flat, buy a fixed stake of both data0 and data1.","When data1 close crosses below its SMA while invested, sell the fixed stake of both assets.",not implemented or not explicit,not implemented or not explicit,not implemented,Fixed stake of 10 units per asset by default.,Two long assets are entered and exited together based only on data1's signal.,Synchronized Backtrader data feeds and market orders.,"[""SMA 15 on data1"", ""stake 10""]",Use the second asset's close crossing its 15-bar SMA as a shared regime signal. Buy both assets on an upward cross and sell both on a downward cross.,No profitability claim relied upon.,No independently verified result used.,0.5% percentage commission default,not explicitly configured,"official sample, not a strategy-specific unit test",repository includes sample equity datasets,No obvious future-data access found in static review.,"[""The docstring says orders execute on the first asset, but code trades both."", ""Signal relationship can break over time."", ""Synchronized data and missing bars need handling.""]",No explicit martingale found.,5,5,5,5,stale but not archived,2024-08-19,23024,5255,GPL-3.0-or-later,Studying and internal experimentation are practical. Modification and redistribution must respect GPL terms stated in the source files.,FAM-CROSS-ASSET-SIGNAL,
STRAT-0051,FAM-DUAL-THRUST,Dual Thrust Daily Range Breakout,"[""DualThrustStrategy""]",Breakout and session strategies,Daily range expansion breakout,verified from executable source,vnpy/vnpy_ctastrategy,https://github.com/vnpy/vnpy_ctastrategy,vnpy_ctastrategy/strategies/dual_thrust_strategy.py,https://github.com/vnpy/vnpy_ctastrategy/blob/6ef76981624bf55b2ea978f8587f74d633aafc72/vnpy_ctastrategy/strategies/dual_thrust_strategy.py,6ef76981624bf55b2ea978f8587f74d633aafc72,public GitHub repository source file,reviewed implementation; canonical origin not established,[],Python,VeighNa,vn.py CTA Strategy,"[""futures"", ""forex"", ""cryptocurrency"", ""equities""]",[],"[""intraday bars with daily reset""]",long and short,"[""OHLCV""]",[],"[""previous day high, low, close, open"", ""Dual Thrust range"", ""daily open""]","At a new trading day, calculate range = max(previous high - previous close, previous close - previous low). Place a buy stop at daily open + k1*range and a short stop at daily open - k2*range. Cancel the opposite stop after a fill.",A breakout in the opposite direction reverses the position. Outstanding orders are canceled and rebuilt each bar and at day changes.,No separate protective stop beyond the opposite breakout/reversal level.,not implemented or not explicit,not implemented,Fixed contract size parameter.,single-strategy position; no portfolio construction,Intraday stop orders are refreshed from the current daily open. Requires realistic handling when both thresholds trade in one bar.,"[""k1 0.4"", ""k2 0.6"", ""fixed size""]",Use the previous day range to build upper and lower thresholds around today's open. Trade the first threshold break and reverse only on the opposite threshold.,No profitability claim relied upon.,No independently verified result used.,not present in strategy source,not present in strategy source,strategy-specific tests not identified,not identified,No obvious future-data access found in static review.,"[""Daily session boundaries and stop-order fill ordering must match the traded market."", ""A wide day can create large implicit risk because there is no independent stop.""]",No explicit martingale found.,5,5,4,5,active,2025-11-22,105,89,MIT,"Studying and internal experimentation are practical. Modification, redistribution, and commercial use must follow MIT terms.",FAM-DUAL-THRUST,
STRAT-0052,FAM-KING-KELTNER,King Keltner OCO Breakout with Trailing Exit,"[""KingKeltnerStrategy""]",Breakout and session strategies,Keltner-style channel breakout,verified from executable source,vnpy/vnpy_ctastrategy,https://github.com/vnpy/vnpy_ctastrategy,vnpy_ctastrategy/strategies/king_keltner_strategy.py,https://github.com/vnpy/vnpy_ctastrategy/blob/6ef76981624bf55b2ea978f8587f74d633aafc72/vnpy_ctastrategy/strategies/king_keltner_strategy.py,6ef76981624bf55b2ea978f8587f74d633aafc72,public GitHub repository source file,reviewed implementation; canonical origin not established,[],Python,VeighNa,vn.py CTA Strategy,"[""futures"", ""forex"", ""cryptocurrency""]",[],"[""bar interval supplied by user""]",long and short,"[""OHLCV""]",[],"[""SMA(30)"", ""ATR(30)"", ""upper and lower channel at 0.4 ATR""]","When flat, place OCO stop orders above SMA(30)+0.4*ATR(30) and below SMA(30)-0.4*ATR(30). Cancel the unused side after entry.","For a long, maintain a stop at the higher of the lower channel and 8% below the highest price since entry. For a short, use the lower of the upper channel and 8% above the lowest price since entry.",Channel-based and percentage trailing stop.,not implemented or not explicit,"8% trail from the best price, combined with the opposite channel.",Fixed contract size.,single-strategy position; no portfolio construction,Bar-based signal evaluation and market or stop orders using framework semantics.,"[""SMA 30"", ""ATR 30"", ""channel multiplier 0.4"", ""trailing percent 8""]","Enter on a break outside a moving-average plus ATR channel, then trail the best price while never loosening beyond the opposite channel.",No profitability claim relied upon.,No independently verified result used.,not present in strategy source,not present in strategy source,strategy-specific tests not identified,not identified,No obvious future-data access found in static review.,"[""Stop fills inside gaps and bars are framework dependent."", ""An 8% trail is not normalized across instruments.""]",No explicit martingale found.,5,5,4,5,active,2025-11-22,105,89,MIT,"Studying and internal experimentation are practical. Modification, redistribution, and commercial use must follow MIT terms.",FAM-KING-KELTNER,
STRAT-0053,FAM-TURTLE-SYSTEM,Turtle 20/10 Breakout with ATR Pyramiding,"[""TurtleSignalStrategy""]",Trend and momentum,Turtle channel breakout and pyramiding,verified from executable source,vnpy/vnpy_ctastrategy,https://github.com/vnpy/vnpy_ctastrategy,vnpy_ctastrategy/strategies/turtle_signal_strategy.py,https://github.com/vnpy/vnpy_ctastrategy/blob/6ef76981624bf55b2ea978f8587f74d633aafc72/vnpy_ctastrategy/strategies/turtle_signal_strategy.py,6ef76981624bf55b2ea978f8587f74d633aafc72,public GitHub repository source file,reviewed implementation; canonical origin not established,[],Python,VeighNa,vn.py CTA Strategy,"[""futures"", ""commodities"", ""forex"", ""cryptocurrency""]",[],"[""bar interval supplied by user""]",long and short,"[""OHLCV""]",[],"[""Donchian entry channel 20"", ""Donchian exit channel 10"", ""ATR(20)"", ""0.5 ATR add levels"", ""2 ATR stop""]","Enter long above the prior 20-bar high or short below the prior 20-bar low. Add one unit each time price advances 0.5 ATR in the trade direction, up to four units.",Exit longs below the prior 10-bar low and shorts above the prior 10-bar high. A 2 ATR protective stop from the latest entry/add price also exits.,Two ATR from the latest entry or add-on price.,not implemented or not explicit,not implemented,One unit risks approximately 1% of account capital using ATR and contract size; cap at four units.,Single-instrument Turtle position with up to four same-direction units.,Stop orders use prior-channel levels and are refreshed each bar. Position size depends on account capital and contract metadata.,"[""entry channel 20"", ""exit channel 10"", ""ATR 20"", ""risk 1%"", ""add 0.5 ATR"", ""stop 2 ATR"", ""maximum 4 units""]","Trade 20-bar breakouts, size each unit from 1% ATR risk, pyramid up to four units every 0.5 ATR, and exit on a 10-bar counter-channel or 2 ATR stop.",No profitability claim relied upon.,No independently verified result used.,not present in strategy source,not present in strategy source,strategy-specific tests not identified,not identified,No obvious future-data access found in static review.,"[""Continuous futures construction and contract point value materially affect results."", ""Pyramiding raises gap risk despite volatility sizing.""]",Not martingale because units are added only after favorable movement; total exposure still increases to four units.,5,5,4,5,active,2025-11-22,105,89,MIT,"Studying and internal experimentation are practical. Modification, redistribution, and commercial use must follow MIT terms.",FAM-TURTLE-SYSTEM,
STRAT-0054,FAM-ATR-RSI-EXPANSION,ATR Expansion RSI Momentum with Trailing Stop,"[""AtrRsiStrategy""]",Trend and momentum,Volatility-gated RSI momentum,verified from executable source,vnpy/vnpy_ctastrategy,https://github.com/vnpy/vnpy_ctastrategy,vnpy_ctastrategy/strategies/atr_rsi_strategy.py,https://github.com/vnpy/vnpy_ctastrategy/blob/6ef76981624bf55b2ea978f8587f74d633aafc72/vnpy_ctastrategy/strategies/atr_rsi_strategy.py,6ef76981624bf55b2ea978f8587f74d633aafc72,public GitHub repository source file,reviewed implementation; canonical origin not established,[],Python,VeighNa,vn.py CTA Strategy,"[""futures"", ""forex"", ""cryptocurrency""]",[],"[""bar interval supplied by user""]",long and short,"[""OHLCV""]",[],"[""ATR(22)"", ""ATR moving average(10)"", ""RSI(5)"", ""RSI thresholds 16 and 84""]","Trade only when ATR(22) is above its 10-bar average. Go long when RSI(5) exceeds 16 and short when RSI(5) falls below 84, subject to flat-position state.",Exit through a percentage trailing stop from the highest or lowest price reached after entry.,No initial hard stop distinct from the trailing stop.,not implemented or not explicit,Trail by 0.8% from the best price since entry.,Fixed contract size.,single-strategy position; no portfolio construction,Bar-based signal evaluation and market or stop orders using framework semantics.,"[""ATR 22"", ""ATR average 10"", ""RSI 5"", ""long RSI 16"", ""short RSI 84"", ""trail 0.8%""]","Require expanding volatility, use short-period RSI as the directional trigger, and exit with a tight percentage trail from the best price.",No profitability claim relied upon.,No independently verified result used.,not present in strategy source,not present in strategy source,strategy-specific tests not identified,not identified,No obvious future-data access found in static review.,"[""The default RSI thresholds are unusually permissive and may keep signals almost continuously active."", ""Percentage trail behavior varies sharply by instrument volatility.""]",No explicit martingale found.,5,5,4,5,active,2025-11-22,105,89,MIT,"Studying and internal experimentation are practical. Modification, redistribution, and commercial use must follow MIT terms.",FAM-ATR-RSI-EXPANSION,
STRAT-0055,FAM-BOLL-CCI-BREAKOUT,Bollinger and CCI Channel Breakout with Trailing Stop,"[""BollChannelStrategy""]",Breakout and session strategies,Bollinger plus CCI breakout,verified from executable source,vnpy/vnpy_ctastrategy,https://github.com/vnpy/vnpy_ctastrategy,vnpy_ctastrategy/strategies/boll_channel_strategy.py,https://github.com/vnpy/vnpy_ctastrategy/blob/6ef76981624bf55b2ea978f8587f74d633aafc72/vnpy_ctastrategy/strategies/boll_channel_strategy.py,6ef76981624bf55b2ea978f8587f74d633aafc72,public GitHub repository source file,reviewed implementation; canonical origin not established,[],Python,VeighNa,vn.py CTA Strategy,"[""futures"", ""forex"", ""cryptocurrency""]",[],"[""bar interval supplied by user""]",long and short,"[""OHLCV""]",[],"[""Bollinger Bands(18, 3.4)"", ""CCI(10)"", ""CCI threshold 110""]",Go long when price reaches the upper Bollinger Band and CCI(10) is above +110. Go short when price reaches the lower band and CCI is below -110.,"After entry, exit with a trailing stop from the highest or lowest price reached.",No independent initial stop.,not implemented or not explicit,Trail by 0.8% from the best price.,Fixed contract size.,single-strategy position; no portfolio construction,Bar-based signal evaluation and market or stop orders using framework semantics.,"[""BB length 18"", ""BB deviation 3.4"", ""CCI 10"", ""CCI threshold 110"", ""trail 0.8%""]","Confirm an extreme Bollinger channel breakout with CCI momentum, then trail the resulting trend.",No profitability claim relied upon.,No independently verified result used.,not present in strategy source,not present in strategy source,strategy-specific tests not identified,not identified,No obvious future-data access found in static review.,"[""Wide default bands can create sparse, regime-dependent samples."", ""No hard stop exists before a favorable extreme is established.""]",No explicit martingale found.,5,5,4,5,active,2025-11-22,105,89,MIT,"Studying and internal experimentation are practical. Modification, redistribution, and commercial use must follow MIT terms.",FAM-BOLL-CCI-BREAKOUT,
STRAT-0056,FAM-MULTI-SIGNAL-VOTING,"RSI, CCI, and Hourly MA Target-Position Ensemble","[""MultiSignalStrategy""]",Machine learning and adaptive strategies,Deterministic multi-signal voting ensemble,verified from executable source,vnpy/vnpy_ctastrategy,https://github.com/vnpy/vnpy_ctastrategy,vnpy_ctastrategy/strategies/multi_signal_strategy.py,https://github.com/vnpy/vnpy_ctastrategy/blob/6ef76981624bf55b2ea978f8587f74d633aafc72/vnpy_ctastrategy/strategies/multi_signal_strategy.py,6ef76981624bf55b2ea978f8587f74d633aafc72,public GitHub repository source file,reviewed implementation; canonical origin not established,[],Python,VeighNa,vn.py CTA Strategy,"[""futures"", ""forex"", ""cryptocurrency""]",[],"[""base bars plus 1-hour bars""]",target exposure from -3 to +3,"[""OHLCV""]",[],"[""RSI vote"", ""CCI vote"", ""hourly fast/slow moving-average vote"", ""target-position controller""]","Compute three independent votes in {-1,0,+1}: an RSI state, a CCI state, and an hourly moving-average state. Sum them and move the position toward that target exposure.",Exposure is reduced or flattened whenever the sum of votes moves toward zero; it reverses when the vote sum changes sign.,not implemented or not explicit,not implemented or not explicit,not implemented,"Each vote contributes one fixed unit, producing a target position between -3 and +3.",Signal ensemble controls one instrument through a target-position algorithm.,The target-position controller submits orders to close the gap between current and desired exposure. Hourly and base-bar synchronization is required.,"[""RSI thresholds"", ""CCI thresholds"", ""hourly MA fast and slow windows"", ""one unit per vote""]","Convert RSI, CCI, and higher-timeframe trend into three directional votes and trade the sum as target exposure from three units short to three units long.",No profitability claim relied upon.,No independently verified result used.,not present in strategy source,not present in strategy source,strategy-specific tests not identified,not identified,No obvious future-data access found in static review.,"[""The signals are correlated technical transforms rather than independent forecasts."", ""Multi-timeframe synchronization and partial fills can make live exposure differ from the target.""]",No explicit martingale found.,5,5,4,4,active,2025-11-22,105,89,MIT,"Studying and internal experimentation are practical. Modification, redistribution, and commercial use must follow MIT terms.",FAM-MULTI-SIGNAL-VOTING,
STRAT-0057,FAM-MTF-RSI-MA,Five-Minute RSI Entry with Fifteen-Minute MA Regime,"[""MultiTimeframeStrategy""]",Trend and momentum,Multi-timeframe momentum and regime filter,verified from executable source,vnpy/vnpy_ctastrategy,https://github.com/vnpy/vnpy_ctastrategy,vnpy_ctastrategy/strategies/multi_timeframe_strategy.py,https://github.com/vnpy/vnpy_ctastrategy/blob/6ef76981624bf55b2ea978f8587f74d633aafc72/vnpy_ctastrategy/strategies/multi_timeframe_strategy.py,6ef76981624bf55b2ea978f8587f74d633aafc72,public GitHub repository source file,reviewed implementation; canonical origin not established,[],Python,VeighNa,vn.py CTA Strategy,"[""futures"", ""forex"", ""cryptocurrency""]",[],"[""5-minute signal bars"", ""15-minute regime bars""]",long and short,"[""OHLCV""]",[],"[""RSI on 5-minute bars"", ""fast/slow moving averages on 15-minute bars""]",Enter long when the 15-minute fast MA is above the slow MA and the 5-minute RSI is in its bullish state. Enter short under the opposite regime and RSI state.,Flatten when the higher-timeframe moving-average regime becomes neutral or changes against the position; reverse when the complete opposite setup appears.,not implemented or not explicit,not implemented or not explicit,not implemented,Fixed contract size.,single-strategy position; no portfolio construction,Five-minute and fifteen-minute aggregations must be aligned without leaking unfinished higher-timeframe bars.,"[""5-minute RSI"", ""15-minute fast MA"", ""15-minute slow MA"", ""fixed size""]","Use a fifteen-minute moving-average regime to authorize five-minute RSI entries, and neutralize or reverse when the higher-timeframe regime changes.",No profitability claim relied upon.,No independently verified result used.,not present in strategy source,not present in strategy source,strategy-specific tests not identified,not identified,No obvious future-data access found in static review.,"[""Using an unfinished higher-timeframe bar would introduce lookahead-like behavior; the source uses completed window bars."", ""No explicit protective stop.""]",No explicit martingale found.,5,5,4,5,active,2025-11-22,105,89,MIT,"Studying and internal experimentation are practical. Modification, redistribution, and commercial use must follow MIT terms.",FAM-MTF-RSI-MA,
STRAT-0058,FAM-CCI-CORRECTION,CCI Correction Strategy,"[""CCICorrectionStrategy""]",Mean reversion,CCI extreme correction,verified from executable source,ta4j/ta4j,https://github.com/ta4j/ta4j,ta4j-examples/src/main/java/ta4jexamples/strategies/CCICorrectionStrategy.java,https://github.com/ta4j/ta4j/blob/bc7157ed2100ff5567022c81eae5bc37c4d1640d/ta4j-examples/src/main/java/ta4jexamples/strategies/CCICorrectionStrategy.java,bc7157ed2100ff5567022c81eae5bc37c4d1640d,public GitHub repository source file,Current ta4j port; archived ta4j-origins implementation establishes earlier lineage.,"[""https://github.com/mdeverdelhan/ta4j-origins/blob/38db6856b6b04c00cc52f07715c1caa461ae0c93/ta4j-examples/src/main/java/ta4jexamples/strategies/CCICorrectionStrategy.java""]",Java,ta4j,ta4j,"[""equities"", ""futures"", ""forex"", ""cryptocurrency""]",[],"[""bar interval supplied by user""]",long and short,"[""OHLCV""]",[],"[""short CCI(5)"", ""long CCI(200)"", ""threshold ±100""]",Enter long when both short and long CCI are below -100. Enter short when both are above +100.,"Exit when the short CCI crosses back through +100 for a long or -100 for a short, according to the selected trade type.",not implemented or not explicit,not implemented or not explicit,not implemented,Trade size is provided by the ta4j execution layer.,single-strategy position; no portfolio construction,Bar-based signal evaluation and market or stop orders using framework semantics.,"[""short CCI 5"", ""long CCI 200"", ""threshold 100""]","Trade only when short and long CCI agree on an extreme, then exit after the fast oscillator traverses to the opposite extreme.",No profitability claim relied upon.,No independently verified result used.,not present in strategy source,not present in strategy source,strategy-specific tests not identified,not identified,No obvious future-data access found in static review.,"[""No independent stop; prolonged trends can hold a losing mean-reversion position.""]",No explicit martingale found.,5,5,4,5,active,2026-08-30,2484,802,MIT file headers; repository API reports Other / NOASSERTION,"Studying and internal experimentation are practical. Modification, redistribution, and commercial use must follow MIT file headers; repository API reports Other / NOASSERTION terms.",FAM-CCI-CORRECTION,
STRAT-0059,FAM-WEEKLY-EXTREMA-REV,Weekly Extrema Contrarian Strategy,"[""GlobalExtremaStrategy""]",Mean reversion,Rolling weekly high-low contrarian,verified from executable source,ta4j/ta4j,https://github.com/ta4j/ta4j,ta4j-examples/src/main/java/ta4jexamples/strategies/GlobalExtremaStrategy.java,https://github.com/ta4j/ta4j/blob/bc7157ed2100ff5567022c81eae5bc37c4d1640d/ta4j-examples/src/main/java/ta4jexamples/strategies/GlobalExtremaStrategy.java,bc7157ed2100ff5567022c81eae5bc37c4d1640d,public GitHub repository source file,Current ta4j implementation descended from archived ta4j-origins.,"[""https://github.com/mdeverdelhan/ta4j-origins/blob/38db6856b6b04c00cc52f07715c1caa461ae0c93/ta4j-examples/src/main/java/ta4jexamples/strategies/GlobalExtremaStrategy.java""]",Java,ta4j,ta4j,"[""equities"", ""ETFs"", ""futures"", ""cryptocurrency""]",[],"[""daily bars by default""]",long only by default,"[""OHLCV""]",[],"[""rolling 5-bar minimum"", ""rolling 5-bar maximum"", ""5% buffer""]","Under the default long run mode, enter when close is at or below 1.05 times the rolling five-bar low.",Close the long when close is at or above 0.95 times the rolling five-bar high.,not implemented or not explicit,not implemented or not explicit,not implemented,Trade size is external to the ta4j rule graph.,single-strategy position; no portfolio construction,Bar-based signal evaluation and market or stop orders using framework semantics.,"[""lookback 5"", ""extrema buffer 5%""]",Buy near the rolling weekly low and sell near the rolling weekly high.,No profitability claim relied upon.,No independently verified result used.,not present in strategy source,not present in strategy source,strategy-specific tests not identified,not identified,No obvious future-data access found in static review.,"[""Comments imply short trading, but the default ta4j run mode uses the sell rule to close a long."", ""Thresholds overlap in narrow ranges and require rule-order testing.""]",No explicit martingale found.,5,5,4,5,active,2026-08-30,2484,802,MIT file headers; repository API reports Other / NOASSERTION,"Studying and internal experimentation are practical. Modification, redistribution, and commercial use must follow MIT file headers; repository API reports Other / NOASSERTION terms.",FAM-WEEKLY-EXTREMA-REV,
STRAT-0060,FAM-DAY-OF-WEEK,Configurable Day-of-Week Holding Window,"[""DayOfWeekStrategy""]",Seasonal and calendar,Weekday entry and exit,verified from executable source,ta4j/ta4j,https://github.com/ta4j/ta4j,ta4j-examples/src/main/java/ta4jexamples/strategies/DayOfWeekStrategy.java,https://github.com/ta4j/ta4j/blob/bc7157ed2100ff5567022c81eae5bc37c4d1640d/ta4j-examples/src/main/java/ta4jexamples/strategies/DayOfWeekStrategy.java,bc7157ed2100ff5567022c81eae5bc37c4d1640d,public GitHub repository source file,reviewed implementation; canonical origin not established,[],Java,ta4j,ta4j,"[""equities"", ""ETFs"", ""futures"", ""forex"", ""cryptocurrency""]",[],"[""bar interval supplied by user""]",long only cycle,"[""OHLCV""]",[],"[""calendar weekday""]",Enter on the configured weekday when flat.,Exit on the configured weekday while holding.,not implemented or not explicit,not implemented or not explicit,not implemented,External trade size.,single-strategy position; no portfolio construction,Bar-based signal evaluation and market or stop orders using framework semantics.,"[""entry weekday"", ""exit weekday""]",Hold the asset from one selected weekday to another and repeat each week.,No profitability claim relied upon.,No independently verified result used.,not present in strategy source,not present in strategy source,strategy-specific tests not identified,not identified,No obvious future-data access found in static review.,"[""Holiday calendars and missing bars can shift the effective entry or exit day.""]",No explicit martingale found.,5,5,4,5,active,2026-08-30,2484,802,MIT file headers; repository API reports Other / NOASSERTION,"Studying and internal experimentation are practical. Modification, redistribution, and commercial use must follow MIT file headers; repository API reports Other / NOASSERTION terms.",FAM-DAY-OF-WEEK,
STRAT-0061,FAM-HOUR-OF-DAY,Configurable Hour-of-Day Holding Window,"[""HourOfDayStrategy""]",Seasonal and calendar,Intraday hour effect,verified from executable source,ta4j/ta4j,https://github.com/ta4j/ta4j,ta4j-examples/src/main/java/ta4jexamples/strategies/HourOfDayStrategy.java,https://github.com/ta4j/ta4j/blob/bc7157ed2100ff5567022c81eae5bc37c4d1640d/ta4j-examples/src/main/java/ta4jexamples/strategies/HourOfDayStrategy.java,bc7157ed2100ff5567022c81eae5bc37c4d1640d,public GitHub repository source file,reviewed implementation; canonical origin not established,[],Java,ta4j,ta4j,"[""equities"", ""futures"", ""forex"", ""cryptocurrency""]",[],"[""intraday bars""]",long only cycle,"[""OHLCV""]",[],"[""bar end-time hour""]",Enter when the bar time reaches the configured entry hour.,Exit when the configured exit hour is reached.,not implemented or not explicit,not implemented or not explicit,not implemented,External trade size.,single-strategy position; no portfolio construction,Bar-based signal evaluation and market or stop orders using framework semantics.,"[""entry hour"", ""exit hour""]",Hold only during a configurable intraday hour window.,No profitability claim relied upon.,No independently verified result used.,not present in strategy source,not present in strategy source,strategy-specific tests not identified,not identified,No obvious future-data access found in static review.,"[""Exchange timezone and daylight-saving handling determine the actual trading window.""]",No explicit martingale found.,5,5,4,5,active,2026-08-30,2484,802,MIT file headers; repository API reports Other / NOASSERTION,"Studying and internal experimentation are practical. Modification, redistribution, and commercial use must follow MIT file headers; repository API reports Other / NOASSERTION terms.",FAM-HOUR-OF-DAY,
STRAT-0062,FAM-MINUTE-OF-HOUR,Configurable Minute-of-Hour Holding Window,"[""MinuteOfHourStrategy""]",Seasonal and calendar,Minute-level recurring effect,verified from executable source,ta4j/ta4j,https://github.com/ta4j/ta4j,ta4j-examples/src/main/java/ta4jexamples/strategies/MinuteOfHourStrategy.java,https://github.com/ta4j/ta4j/blob/bc7157ed2100ff5567022c81eae5bc37c4d1640d/ta4j-examples/src/main/java/ta4jexamples/strategies/MinuteOfHourStrategy.java,bc7157ed2100ff5567022c81eae5bc37c4d1640d,public GitHub repository source file,reviewed implementation; canonical origin not established,[],Java,ta4j,ta4j,"[""futures"", ""forex"", ""cryptocurrency"", ""equities""]",[],"[""minute bars""]",long only cycle,"[""OHLCV""]",[],"[""bar end-time minute""]",Enter at the configured minute of each hour.,Exit at the configured later minute of each hour.,not implemented or not explicit,not implemented or not explicit,not implemented,External trade size.,single-strategy position; no portfolio construction,Bar-based signal evaluation and market or stop orders using framework semantics.,"[""entry minute"", ""exit minute""]",Repeat a fixed within-hour holding window on minute bars.,No profitability claim relied upon.,No independently verified result used.,not present in strategy source,not present in strategy source,strategy-specific tests not identified,not identified,No obvious future-data access found in static review.,"[""Sparse or irregular bars can skip the exact trigger minute."", ""Costs can dominate short recurring holds.""]",No explicit martingale found.,5,5,4,5,active,2026-08-30,2484,802,MIT file headers; repository API reports Other / NOASSERTION,"Studying and internal experimentation are practical. Modification, redistribution, and commercial use must follow MIT file headers; repository API reports Other / NOASSERTION terms.",FAM-MINUTE-OF-HOUR,
STRAT-0063,FAM-MACDV-STATE,MACD-V Momentum State Crossover,"[""MACDVMomentumStateStrategy""]",Trend and momentum,ATR-normalized MACD state machine,verified from executable source,ta4j/ta4j,https://github.com/ta4j/ta4j,ta4j-examples/src/main/java/ta4jexamples/strategies/MACDVMomentumStateStrategy.java,https://github.com/ta4j/ta4j/blob/bc7157ed2100ff5567022c81eae5bc37c4d1640d/ta4j-examples/src/main/java/ta4jexamples/strategies/MACDVMomentumStateStrategy.java,bc7157ed2100ff5567022c81eae5bc37c4d1640d,public GitHub repository source file,reviewed implementation; canonical origin not established,[],Java,ta4j,ta4j,"[""equities"", ""futures"", ""forex"", ""cryptocurrency""]",[],"[""bar interval supplied by user""]",long and short,"[""OHLCV""]",[],"[""MACD(12,26)"", ""ATR normalization"", ""signal EMA(9)"", ""momentum state thresholds""]",Normalize MACD by ATR. Enter long when MACD-V crosses above its signal while in a positive momentum state; enter short on the symmetric negative-state cross.,Close or reverse when the normalized MACD crosses the signal in the opposite state.,not implemented or not explicit,not implemented or not explicit,not implemented,External trade size.,single-strategy position; no portfolio construction,Bar-based signal evaluation and market or stop orders using framework semantics.,"[""MACD 12/26"", ""signal 9"", ""ATR normalization"", ""state thresholds""]",Trade MACD signal-line crosses only when ATR-normalized MACD is inside a compatible positive or negative momentum state.,No profitability claim relied upon.,No independently verified result used.,not present in strategy source,not present in strategy source,strategy-specific tests not identified,not identified,No obvious future-data access found in static review.,"[""ATR normalization can be unstable during very low volatility."", ""State thresholds add optimization degrees of freedom.""]",No explicit martingale found.,5,5,4,5,active,2026-08-30,2484,802,MIT file headers; repository API reports Other / NOASSERTION,"Studying and internal experimentation are practical. Modification, redistribution, and commercial use must follow MIT file headers; repository API reports Other / NOASSERTION terms.",FAM-MACDV-STATE,
STRAT-0064,FAM-NET-MOMENTUM,Decayed RSI Net-Momentum Zero-Crossing,"[""NetMomentumStrategy""]",Trend and momentum,Decay-weighted RSI momentum,verified from executable source,ta4j/ta4j,https://github.com/ta4j/ta4j,ta4j-examples/src/main/java/ta4jexamples/strategies/NetMomentumStrategy.java,https://github.com/ta4j/ta4j/blob/bc7157ed2100ff5567022c81eae5bc37c4d1640d/ta4j-examples/src/main/java/ta4jexamples/strategies/NetMomentumStrategy.java,bc7157ed2100ff5567022c81eae5bc37c4d1640d,public GitHub repository source file,reviewed implementation; canonical origin not established,[],Java,ta4j,ta4j,"[""equities"", ""futures"", ""forex"", ""cryptocurrency""]",[],"[""bar interval supplied by user""]",long and short,"[""OHLCV""]",[],"[""RSI"", ""exponential decay"", ""net momentum zero line""]",Enter long when the decay-weighted net momentum crosses above zero and short when it crosses below zero.,The opposite zero crossing closes and reverses the position.,not implemented or not explicit,not implemented or not explicit,not implemented,External trade size.,single-strategy position; no portfolio construction,Bar-based signal evaluation and market or stop orders using framework semantics.,"[""RSI period"", ""decay factor"", ""zero threshold""]",Aggregate recent RSI momentum with exponential decay and hold the sign of the resulting net-momentum series.,No profitability claim relied upon.,No independently verified result used.,not present in strategy source,not present in strategy source,strategy-specific tests not identified,not identified,No obvious future-data access found in static review.,"[""The indicator is uncommon, so a port must exactly reproduce ta4j initialization and decay semantics.""]",No explicit martingale found.,5,5,4,5,active,2026-08-30,2484,802,MIT file headers; repository API reports Other / NOASSERTION,"Studying and internal experimentation are practical. Modification, redistribution, and commercial use must follow MIT file headers; repository API reports Other / NOASSERTION terms.",FAM-NET-MOMENTUM,
STRAT-0065,FAM-RSI2-PULLBACK,RSI2 Trend Pullback Strategy,"[""RSI2Strategy"", ""Connors RSI2""]",Mean reversion,Connors-style RSI2 pullback,verified from executable source,ta4j/ta4j,https://github.com/ta4j/ta4j,ta4j-examples/src/main/java/ta4jexamples/strategies/RSI2Strategy.java,https://github.com/ta4j/ta4j/blob/bc7157ed2100ff5567022c81eae5bc37c4d1640d/ta4j-examples/src/main/java/ta4jexamples/strategies/RSI2Strategy.java,bc7157ed2100ff5567022c81eae5bc37c4d1640d,public GitHub repository source file,Current ta4j port with archived ta4j-origins lineage.,"[""https://github.com/mdeverdelhan/ta4j-origins/blob/38db6856b6b04c00cc52f07715c1caa461ae0c93/ta4j-examples/src/main/java/ta4jexamples/strategies/RSI2Strategy.java""]",Java,ta4j,ta4j,"[""equities"", ""ETFs"", ""indices""]",[],"[""daily bars""]",long only,"[""OHLCV""]",[],"[""SMA(5)"", ""SMA(200)"", ""RSI(2)""]",Enter long when the five-bar SMA is above the 200-bar SMA and RSI(2) is below 5.,Exit when the five-bar SMA falls below the 200-bar SMA or RSI(2) rises above 95.,not implemented or not explicit,not implemented or not explicit,not implemented,External trade size.,single-strategy position; no portfolio construction,Bar-based signal evaluation and market or stop orders using framework semantics.,"[""SMA 5"", ""SMA 200"", ""RSI 2"", ""entry 5"", ""exit 95""]","Buy a very short-term oversold pullback only in a long-term uptrend, then exit on extreme rebound or trend loss.",No profitability claim relied upon.,No independently verified result used.,not present in strategy source,not present in strategy source,strategy-specific tests not identified,not identified,No obvious future-data access found in static review.,"[""Long-only equity sample is exposed to survivorship and regime selection if universes are not point-in-time.""]",No explicit martingale found.,5,5,4,5,active,2026-08-30,2484,802,MIT file headers; repository API reports Other / NOASSERTION,"Studying and internal experimentation are practical. Modification, redistribution, and commercial use must follow MIT file headers; repository API reports Other / NOASSERTION terms.",FAM-RSI2-PULLBACK,
STRAT-0066,FAM-ELLIOTT-PHASE,Local-Turn Elliott Phase Strategy with Layered Risk Exits,"[""HighRewardElliottWaveStrategy""]",Candlestick and price action,Empirical Elliott phase and local turns,verified from executable source,ta4j/ta4j,https://github.com/ta4j/ta4j,ta4j-examples/src/main/java/ta4jexamples/strategies/HighRewardElliottWaveStrategy.java,https://github.com/ta4j/ta4j/blob/bc7157ed2100ff5567022c81eae5bc37c4d1640d/ta4j-examples/src/main/java/ta4jexamples/strategies/HighRewardElliottWaveStrategy.java,bc7157ed2100ff5567022c81eae5bc37c4d1640d,public GitHub repository source file,reviewed implementation; canonical origin not established,[],Java,ta4j,ta4j,"[""equities"", ""futures"", ""forex"", ""cryptocurrency""]",[],"[""bar interval supplied by user""]",long and short,"[""OHLCV""]",[],"[""local turning points"", ""wave phase classifier"", ""ATR"", ""fixed stop"", ""fixed profit"", ""trailing stop"", ""time stop""]",Enter when the local-turn and phase classifier identifies a configured bullish or bearish Elliott-style phase and directional confirmation is present.,"Exit on the earliest of opposite phase/turn evidence, a 1.5% stop, 4% profit target, 1.25% percentage trail, 3 ATR trail, or 360-bar timeout.",Fixed 1.5% stop and 3 ATR protective/trailing condition.,Fixed 4% profit target.,1.25% best-price trail plus 3 ATR trail.,External trade size.,single-strategy position; no portfolio construction,Bar-based signal evaluation and market or stop orders using framework semantics.,"[""stop 1.5%"", ""target 4%"", ""trail 1.25%"", ""ATR trail 3"", ""timeout 360 bars""]","Enter on an empirically defined Elliott-style local-turn phase and manage risk with fixed, ATR, trailing, opposite-signal, and timeout exits.",No profitability claim relied upon.,No independently verified result used.,not present in strategy source,not present in strategy source,strategy-specific tests not identified,not identified,No obvious future-data access found in static review.,"[""Wave phase rules are heuristic rather than uniquely defined."", ""Many exit mechanisms create optimization and same-bar ordering sensitivity.""]",No explicit martingale found.,5,5,4,4,active,2026-08-30,2484,802,MIT file headers; repository API reports Other / NOASSERTION,"Studying and internal experimentation are practical. Modification, redistribution, and commercial use must follow MIT file headers; repository API reports Other / NOASSERTION terms.",FAM-ELLIOTT-PHASE,
STRAT-0067,FAM-MOVING-MOMENTUM,EMA Trend plus Stochastic Momentum Strategy,"[""MovingMomentumStrategy""]",Trend and momentum,Moving momentum rule composition,verified from executable source,ta4j/ta4j,https://github.com/ta4j/ta4j,ta4j-examples/src/main/java/ta4jexamples/strategies/MovingMomentumStrategy.java,https://github.com/ta4j/ta4j/blob/bc7157ed2100ff5567022c81eae5bc37c4d1640d/ta4j-examples/src/main/java/ta4jexamples/strategies/MovingMomentumStrategy.java,bc7157ed2100ff5567022c81eae5bc37c4d1640d,public GitHub repository source file,Current ta4j implementation with an archived ta4j-origins predecessor.,"[""https://github.com/mdeverdelhan/ta4j-origins/blob/38db6856b6b04c00cc52f07715c1caa461ae0c93/ta4j-examples/src/main/java/ta4jexamples/strategies/MovingMomentumStrategy.java""]",Java,ta4j,ta4j,"[""equities"", ""futures"", ""forex"", ""cryptocurrency""]",[],"[""bar interval supplied by user""]",long and short,"[""OHLCV""]",[],"[""short EMA(9)"", ""long EMA(26)"", ""stochastic oscillator"", ""MACD""]","Enter when the short EMA is above the long EMA, stochastic momentum is bullish, and MACD is positive.","Exit when any configured bearish counterpart becomes true, including EMA trend loss and momentum deterioration.",not implemented or not explicit,not implemented or not explicit,not implemented,External trade size.,single-strategy position; no portfolio construction,Bar-based signal evaluation and market or stop orders using framework semantics.,"[""EMA 9/26"", ""stochastic period"", ""MACD parameters""]","Require trend, stochastic momentum, and MACD agreement before entry, then leave when the combined momentum state fails.",No profitability claim relied upon.,No independently verified result used.,not present in strategy source,not present in strategy source,strategy-specific tests not identified,not identified,No obvious future-data access found in static review.,"[""Three related momentum filters can create highly correlated confirmation and sparse samples.""]",No explicit martingale found.,5,5,4,5,active,2026-08-30,2484,802,MIT file headers; repository API reports Other / NOASSERTION,"Studying and internal experimentation are practical. Modification, redistribution, and commercial use must follow MIT file headers; repository API reports Other / NOASSERTION terms.",FAM-MOVING-MOMENTUM,
STRAT-0068,FAM-BB-ADX-REENTRY,Bollinger Re-Entry with ADX Regime Filter,"[""Mean Reversion Trading System""]",Mean reversion,Bollinger re-entry under ADX filter,verified from executable source,belur02/Amibroker-AFL-Library,https://github.com/belur02/Amibroker-AFL-Library,Explorationn/Mean Reversion.afl,https://github.com/belur02/Amibroker-AFL-Library/blob/86475ec3785d3c6a356d2a294820f03e59be7845/Explorationn/Mean%20Reversion.afl,86475ec3785d3c6a356d2a294820f03e59be7845,public GitHub repository source file,reviewed implementation; canonical origin not established,[],AmiBroker AFL,AmiBroker,AmiBroker AFL,"[""equities"", ""futures"", ""forex""]",[],"[""bar interval supplied by user""]",long and short,"[""OHLCV""]",[],"[""Bollinger Bands"", ""ADX"", ""re-entry through band"", ""percentage stops""]",Enter long when price re-enters above the lower Bollinger Band under the configured ADX regime. Enter short when price re-enters below the upper band under the corresponding regime.,"Exit or reverse on the opposite re-entry signal, with percentage stop and target settings also applied.",Percentage stop configured through ApplyStop.,Percentage profit target configured through ApplyStop.,not implemented,AmiBroker backtest position sizing setting from the source.,single-strategy position; no portfolio construction,Bar-based signal evaluation and market or stop orders using framework semantics.,"[""Bollinger period and width"", ""ADX threshold"", ""percentage stop"", ""percentage target""]",Fade a move outside a Bollinger Band only after price re-enters the band and the ADX regime allows the trade.,No profitability claim relied upon.,No independently verified result used.,not present in strategy source,not present in strategy source,strategy-specific tests not identified,not identified,"No explicit future reference found, but the file requires a careful AmiBroker execution-order check.","[""The short-side stop and target variables contain assignment inconsistencies, so executable short risk may not match the apparent intent."", ""Repository has no license.""]",No explicit martingale found.,5,3,2,4,recent but low activity,2026-02-01,7,4,No license found,"Study is practical. No license was found, so copying, modification, redistribution, and commercial reuse are not automatically permitted.",FAM-BB-ADX-REENTRY,"Executable source is titled Mean Reversion Trading System. Retained despite source defects because entry and exit intent are reconstructable. The ShortSL variable is overwritten by the apparent short-target condition, ShortTarget is never defined, and Cover also references BuyTarget; correct these defects before testing."
STRAT-0069,FAM-CROSS-SECTIONAL-LOSERS,Four Worst 252-Bar Performers Rotation,"[""ExampleRotational""]",Mean reversion,Cross-sectional loser rotation,verified from executable source,belur02/Amibroker-AFL-Library,https://github.com/belur02/Amibroker-AFL-Library,Systems/ExampleRotational.afl,https://github.com/belur02/Amibroker-AFL-Library/blob/86475ec3785d3c6a356d2a294820f03e59be7845/Systems/ExampleRotational.afl,86475ec3785d3c6a356d2a294820f03e59be7845,public GitHub repository source file,reviewed implementation; canonical origin not established,[],AmiBroker AFL,AmiBroker,AmiBroker AFL,"[""equities"", ""ETFs"", ""multi-asset portfolios""]",[],"[""daily bars with periodic rotational rebalance""]",long portfolio,"[""OHLCV""]",[],"[""252-bar rate of change"", ""cross-sectional PositionScore"", ""top-N rotational selection""]","At each rotational rebalance, rank the universe by 252-bar return with the score inverted so the worst performers rank highest. Hold the top four names.",A holding is removed when it falls outside the selected top-four rank at a subsequent rebalance.,not implemented or not explicit,not implemented or not explicit,not implemented,Allocate 25% of equity to each of four selected instruments.,Equal-weight long portfolio of the four worst 252-bar performers.,Requires point-in-time universe membership and AmiBroker rotational backtest mode.,"[""ROC lookback 252"", ""holdings 4"", ""weight 25%""]","Each rebalance, buy the four worst one-year performers at equal weights and replace them when the ranking changes.",No profitability claim relied upon.,No independently verified result used.,not present in strategy source,not present in strategy source,strategy-specific tests not identified,not identified,No obvious future-data access found in static review.,"[""Strong contrarian selection can load distressed or delisted securities."", ""Point-in-time universe data is required to avoid survivorship bias.""]",No explicit martingale found.,5,5,4,5,recent but low activity,2026-02-01,7,4,No license found,"Study is practical. No license was found, so copying, modification, redistribution, and commercial reuse are not automatically permitted.",FAM-CROSS-SECTIONAL-LOSERS,
STRAT-0070,FAM-RSI-THRESHOLD-REV,Intraday RSI Threshold Reversal,"[""Sri Rajam Strategy using Basic RSI""]",Mean reversion,RSI threshold reversal,verified from executable source,belur02/Amibroker-AFL-Library,https://github.com/belur02/Amibroker-AFL-Library,Systems/Sri Rajam Strategy using Basic RSI.afl,https://github.com/belur02/Amibroker-AFL-Library/blob/86475ec3785d3c6a356d2a294820f03e59be7845/Systems/Sri%20Rajam%20Strategy%20using%20Basic%20RSI.afl,86475ec3785d3c6a356d2a294820f03e59be7845,public GitHub repository source file,reviewed implementation; canonical origin not established,[],AmiBroker AFL,AmiBroker,AmiBroker AFL,"[""equities"", ""futures"", ""indices""]",[],"[""intraday bars""]",long and short,"[""OHLCV""]",[],"[""RSI(8)"", ""intraday time window""]","Within the allowed intraday window, enter long when RSI(8) is above 60 and enter short when RSI(8) is below 40.",An opposite threshold signal reverses the position; the source also applies end-of-session flattening.,not implemented or not explicit,not implemented or not explicit,not implemented,"The file computes a risk-based quantity but does not consistently apply it to AmiBroker position sizing, so actual sizing is framework default.",single-strategy position; no portfolio construction,Bar-based signal evaluation and market or stop orders using framework semantics.,"[""RSI 8"", ""long threshold 60"", ""short threshold 40"", ""session times""]","Use RSI(8) as a directional state rather than an overbought fade, reversing between long above 60 and short below 40 during the session.",No profitability claim relied upon.,No independently verified result used.,not present in strategy source,not present in strategy source,strategy-specific tests not identified,not identified,No obvious future-data access found in static review.,"[""The calculated quantity is not connected cleanly to the executed position size."", ""Exact session timezone is platform configuration dependent.""]",No explicit martingale found.,5,3,3,5,recent but low activity,2026-02-01,7,4,No license found,"Study is practical. No license was found, so copying, modification, redistribution, and commercial reuse are not automatically permitted.",FAM-RSI-THRESHOLD-REV,
STRAT-0071,FAM-BB-COMPRESSION-MFI,Compressed Bollinger and MFI Breakout with SAR Exit,"[""Volatility Breakout with Bollinger Bands""]",Volatility strategies,Volatility compression breakout,verified from executable source,belur02/Amibroker-AFL-Library,https://github.com/belur02/Amibroker-AFL-Library,Explorationn/Volatility Breakout with Bollinger Bands.afl,https://github.com/belur02/Amibroker-AFL-Library/blob/86475ec3785d3c6a356d2a294820f03e59be7845/Explorationn/Volatility%20Breakout%20with%20Bollinger%20Bands.afl,86475ec3785d3c6a356d2a294820f03e59be7845,public GitHub repository source file,reviewed implementation; canonical origin not established,[],AmiBroker AFL,AmiBroker,AmiBroker AFL,"[""equities"", ""futures"", ""forex""]",[],"[""bar interval supplied by user""]",long and short,"[""OHLCV""]",[],"[""Bollinger Band width compression"", ""Money Flow Index"", ""price breakout"", ""Parabolic SAR""]","Enter long when Bollinger width is compressed, MFI confirms positive flow, and price breaks above the selected band or recent range. Enter short symmetrically.",Exit long when Parabolic SAR moves above price and short when SAR moves below price.,Parabolic SAR functions as the dynamic exit.,not implemented or not explicit,Parabolic SAR trailing behavior.,AmiBroker default or file-level sizing.,single-strategy position; no portfolio construction,Bar-based signal evaluation and market or stop orders using framework semantics.,"[""Bollinger period/width"", ""compression threshold"", ""MFI threshold"", ""SAR acceleration""]","Wait for narrow Bollinger Bands, require MFI confirmation, trade the expansion breakout, and trail with Parabolic SAR.",No profitability claim relied upon.,No independently verified result used.,not present in strategy source,not present in strategy source,strategy-specific tests not identified,not identified,No obvious future-data access found in static review.,"[""Compression and MFI thresholds add optimization degrees of freedom."", ""The file is stored in an exploration directory but contains executable Buy/Sell/Short/Cover assignments.""]",No explicit martingale found.,5,5,4,5,recent but low activity,2026-02-01,7,4,No license found,"Study is practical. No license was found, so copying, modification, redistribution, and commercial reuse are not automatically permitted.",FAM-BB-COMPRESSION-MFI,
STRAT-0072,FAM-KAMA-SLOPE,Adaptive KAMA Slope Threshold Reversal,"[""Buy-Sell Signals Modified""]",Trend and momentum,Adaptive moving-average slope,verified from executable source,belur02/Amibroker-AFL-Library,https://github.com/belur02/Amibroker-AFL-Library,Systems/Buy-Sell Signals (Modified).afl,https://github.com/belur02/Amibroker-AFL-Library/blob/86475ec3785d3c6a356d2a294820f03e59be7845/Systems/Buy-Sell%20Signals%20%28Modified%29.afl,86475ec3785d3c6a356d2a294820f03e59be7845,public GitHub repository source file,reviewed implementation; canonical origin not established,[],AmiBroker AFL,AmiBroker,AmiBroker AFL,"[""equities"", ""futures"", ""forex""]",[],"[""bar interval supplied by user""]",long and short,"[""OHLCV""]",[],"[""Kaufman adaptive moving average"", ""normalized slope threshold""]",Use the final active rule block in the file: enter long when the adaptive KAMA slope exceeds its positive threshold and short when it falls below the negative threshold.,The opposite slope threshold reverses the position.,not implemented or not explicit,not implemented or not explicit,not implemented,AmiBroker default or file-level sizing.,single-strategy position; no portfolio construction,Bar-based signal evaluation and market or stop orders using framework semantics.,"[""KAMA efficiency parameters"", ""positive and negative slope thresholds""]",Hold the sign of a thresholded Kaufman adaptive moving-average slope.,No profitability claim relied upon.,No independently verified result used.,not present in strategy source,not present in strategy source,strategy-specific tests not identified,not identified,"The final active KAMA rule is causal, but earlier overwritten sections in the same file include unrelated logic.","[""The file repeatedly overwrites Buy/Sell variables; only the final assignments are executable."", ""Porting requires ignoring inactive earlier sections.""]",No explicit martingale found.,5,2,3,4,recent but low activity,2026-02-01,7,4,No license found,"Study is practical. No license was found, so copying, modification, redistribution, and commercial reuse are not automatically permitted.",FAM-KAMA-SLOPE,"Cataloged from the final executable assignments, not the file name or earlier overwritten rule blocks."
STRAT-0073,FAM-BB-MEAN-REV,Bollinger Band Mean Reversion to Centerline,"[""quantstrat bbands demo""]",Mean reversion,Two-sided Bollinger reversion,verified from executable source,braverock/quantstrat,https://github.com/braverock/quantstrat,demo/bbands.R,https://github.com/braverock/quantstrat/blob/1114e4a1a8a3b68d2fb7a62b52d743cbc5e4b39f/demo/bbands.R,1114e4a1a8a3b68d2fb7a62b52d743cbc5e4b39f,public GitHub repository source file,reviewed implementation; canonical origin not established,[],R,R,quantstrat,"[""equities"", ""ETFs"", ""futures"", ""forex""]",[],"[""bar interval supplied by user""]",long and short,"[""OHLCV""]",[],"[""Bollinger Bands(20,2)"", ""centerline exit""]",Enter long when close crosses below the lower Bollinger Band and short when close crosses above the upper band.,Exit either side when price crosses back through the Bollinger centerline.,not implemented or not explicit,not implemented or not explicit,not implemented,Fixed order quantity in the demo.,single-strategy position; no portfolio construction,Signals generate next-bar quantstrat orders with configured transaction fees.,"[""BB 20 x 2"", ""fixed quantity""]",Fade closes outside either Bollinger Band and exit at the moving-average centerline.,No profitability claim relied upon.,No independently verified result used.,Per-order transaction fee configured in quantstrat.,not present in strategy source,strategy-specific tests not identified,not identified,No obvious future-data access found in static review.,"[""No independent stop; persistent trends can generate large losses.""]",No explicit martingale found.,5,5,4,5,stale but not archived,2023-09-14,310,121,No license found,"Study is practical. No license was found, so copying, modification, redistribution, and commercial reuse are not automatically permitted.",FAM-BB-MEAN-REV,
STRAT-0074,FAM-FABER-TAA,Faber 10-Month SMA Tactical Allocation,"[""Faber strategy""]",Trend and momentum,Monthly tactical asset allocation,verified from executable source,braverock/quantstrat,https://github.com/braverock/quantstrat,demo/faber.R,https://github.com/braverock/quantstrat/blob/1114e4a1a8a3b68d2fb7a62b52d743cbc5e4b39f/demo/faber.R,1114e4a1a8a3b68d2fb7a62b52d743cbc5e4b39f,public GitHub repository source file,reviewed implementation; canonical origin not established,[],R,R,quantstrat,"[""ETFs"", ""multi-asset portfolios""]","[""SPY"", ""EFA"", ""IEF"", ""VNQ"", ""GSG""]","[""monthly""]",long or cash by asset,"[""OHLCV""]",[],"[""10-month simple moving average"", ""monthly rebalance""]","At month end, hold each asset when its monthly close is above its 10-month SMA.",Move an asset allocation to cash when its monthly close falls below the 10-month SMA.,not implemented or not explicit,not implemented or not explicit,not implemented,The demo uses a fixed share amount per asset rather than volatility or equal-risk sizing.,Independent timing sleeve for each asset in a diversified ETF basket.,Monthly signals execute using quantstrat order rules. Rebalance treatment depends on the configured order-sizing function.,"[""monthly bars"", ""SMA 10 months"", ""fixed 1000-share order in demo""]","For each asset, invest when the monthly close is above its 10-month average and otherwise hold cash.",No profitability claim relied upon.,No independently verified result used.,not present in strategy source,not present in strategy source,strategy-specific tests not identified,not identified,No obvious future-data access found in static review.,"[""Fixed shares create unequal and time-varying capital weights."", ""Historical ETF availability and total-return adjustments matter.""]",No explicit martingale found.,5,5,4,5,stale but not archived,2023-09-14,310,121,No license found,"Study is practical. No license was found, so copying, modification, redistribution, and commercial reuse are not automatically permitted.",FAM-FABER-TAA,
STRAT-0075,FAM-PAIRS-ZSCORE,Ratio Bollinger Pairs with Layered Hedge Sizing,"[""quantstrat pair_trade""]",Statistical arbitrage,Ratio-band pairs variant,verified from executable source,braverock/quantstrat,https://github.com/braverock/quantstrat,demo/pair_trade.R,https://github.com/braverock/quantstrat/blob/1114e4a1a8a3b68d2fb7a62b52d743cbc5e4b39f/demo/pair_trade.R,1114e4a1a8a3b68d2fb7a62b52d743cbc5e4b39f,public GitHub repository source file,reviewed implementation; canonical origin not established,[],R,R,quantstrat,"[""equities"", ""ETFs"", ""synthetic spreads""]","[""two correlated securities""]","[""daily example""]",paired long and short,"[""OHLCV""]",[],"[""price ratio"", ""rolling Bollinger Bands"", ""hedge sizing"", ""layered entries""]","Compute the price ratio and its Bollinger Bands. Enter the spread against ratio deviations beyond a band, allowing configured entry layers.",Close both legs when the ratio reverts to its moving average.,not implemented or not explicit,not implemented or not explicit,not implemented,Use the pair sizing function to create offsetting quantities and cap position size.,Two-leg spread with paired orders and position limits.,Legs are submitted as separate quantstrat orders and can experience legging.,"[""ratio lookback"", ""band width"", ""entry layers"", ""position limit""]","Trade a two-asset price ratio against Bollinger deviations, size the hedge pair, and flatten at the ratio mean.",No profitability claim relied upon.,No independently verified result used.,Quantstrat transaction cost functions are available and used in the demo configuration.,not present in strategy source,strategy-specific tests not identified,not identified,No obvious future-data access found in static review.,"[""Ratio stationarity is assumed rather than guaranteed."", ""Separate leg fills can create temporary directional exposure.""]",No explicit martingale found.,5,5,4,4,stale but not archived,2023-09-14,310,121,No license found,"Study is practical. No license was found, so copying, modification, redistribution, and commercial reuse are not automatically permitted.",FAM-PAIRS-ZSCORE,"Grouped with the existing pairs z-score family as a material ratio-band variant, not counted as a new family."
STRAT-0076,FAM-ROCEMA-TREND,ROC of Short EMA with Long EMA Gate and OCO Exits,"[""ROCEMA""]",Trend and momentum,EMA rate-of-change trend,verified from executable source,braverock/quantstrat,https://github.com/braverock/quantstrat,demo/rocema.R,https://github.com/braverock/quantstrat/blob/1114e4a1a8a3b68d2fb7a62b52d743cbc5e4b39f/demo/rocema.R,1114e4a1a8a3b68d2fb7a62b52d743cbc5e4b39f,public GitHub repository source file,reviewed implementation; canonical origin not established,[],R,R,quantstrat,"[""equities"", ""ETFs"", ""futures"", ""forex""]",[],"[""bar interval supplied by user""]",long and short,"[""OHLCV""]",[],"[""short EMA"", ""rate of change of EMA"", ""long EMA trend gate"", ""OCO stop and profit orders""]",Enter long when the ROC of the short EMA crosses above zero while price is above EMA(100). Enter short on a negative ROC cross while price is below EMA(100).,Attach OCO profit and stop orders; a filled exit cancels the sibling order. Opposite signals can also reverse.,Five-unit or configured adverse stop from entry.,Three-unit or configured profit target from entry.,not implemented,Fixed quantity in the example.,single-strategy position; no portfolio construction,Bar-based signal evaluation and market or stop orders using framework semantics.,"[""short EMA"", ""ROC threshold 0"", ""long EMA 100"", ""target 3"", ""stop 5""]","Trade acceleration of a short EMA only in the direction of a long EMA, with bracketed OCO risk exits.",No profitability claim relied upon.,No independently verified result used.,Per-trade fee configured.,not present in strategy source,strategy-specific tests not identified,not identified,No obvious future-data access found in static review.,"[""Absolute stop and target units are instrument-scale dependent.""]",No explicit martingale found.,5,5,4,5,stale but not archived,2023-09-14,310,121,No license found,"Study is practical. No license was found, so copying, modification, redistribution, and commercial reuse are not automatically permitted.",FAM-ROCEMA-TREND,
STRAT-0077,FAM-BUMBLEBEE,Bumblebee Narrow-Band SMA Reversal,"[""Bumblebee""]",Trend and momentum,SMA cross outside narrow Bollinger Bands,verified from executable source,braverock/quantstrat,https://github.com/braverock/quantstrat,demo/bee.R,https://github.com/braverock/quantstrat/blob/1114e4a1a8a3b68d2fb7a62b52d743cbc5e4b39f/demo/bee.R,1114e4a1a8a3b68d2fb7a62b52d743cbc5e4b39f,public GitHub repository source file,reviewed implementation; canonical origin not established,[],R,R,quantstrat,"[""equities"", ""ETFs"", ""futures"", ""forex""]",[],"[""bar interval supplied by user""]",long and short,"[""OHLCV""]",[],"[""SMA(10)"", ""Bollinger Bands(30,0.5)""]",Enter long when SMA(10) crosses above the upper narrow Bollinger Band and short when it crosses below the lower band.,The opposite band crossing closes and reverses the position.,not implemented or not explicit,not implemented or not explicit,not implemented,Fixed quantity.,single-strategy position; no portfolio construction,Bar-based signal evaluation and market or stop orders using framework semantics.,"[""SMA 10"", ""BB 30 x 0.5""]",Use a fast average breaking outside a narrow volatility envelope as the trend state and reverse on the opposite break.,No profitability claim relied upon.,No independently verified result used.,not present in strategy source,not present in strategy source,strategy-specific tests not identified,not identified,No obvious future-data access found in static review.,"[""Narrow bands can produce frequent turnover and high cost sensitivity.""]",No explicit martingale found.,5,5,4,5,stale but not archived,2023-09-14,310,121,No license found,"Study is practical. No license was found, so copying, modification, redistribution, and commercial reuse are not automatically permitted.",FAM-BUMBLEBEE,
STRAT-0078,FAM-MACD-MONTHLY-REBAL,MACD State with Monthly Equity Rebalancing,"[""macdRebalancing""]",Trend and momentum,MACD signal plus periodic rebalance,verified from executable source,braverock/quantstrat,https://github.com/braverock/quantstrat,demo/macdRebalancing.R,https://github.com/braverock/quantstrat/blob/1114e4a1a8a3b68d2fb7a62b52d743cbc5e4b39f/demo/macdRebalancing.R,1114e4a1a8a3b68d2fb7a62b52d743cbc5e4b39f,public GitHub repository source file,reviewed implementation; canonical origin not established,[],R,R,quantstrat,"[""equities"", ""ETFs"", ""multi-asset portfolios""]",[],"[""daily signals"", ""monthly rebalance""]",long or flat,"[""OHLCV""]",[],"[""MACD"", ""signal zero crossing"", ""monthly rebalance""]",Enter when the configured MACD signal state crosses into its bullish regime.,"Exit when the MACD state turns bearish. While bullish, rebalance monthly toward the target equity fraction.",not implemented or not explicit,not implemented or not explicit,not implemented,Target approximately 2% of account equity per active asset at each rebalance.,Periodic target-weight adjustment across active symbols.,Bar-based signal evaluation and market or stop orders using framework semantics.,"[""MACD parameters"", ""monthly rebalance"", ""target equity fraction 2%""]",Use MACD as an inclusion signal and resize included positions monthly to a fixed fraction of equity.,No profitability claim relied upon.,No independently verified result used.,not present in strategy source,not present in strategy source,strategy-specific tests not identified,not identified,No obvious future-data access found in static review.,"[""The economic result depends on universe construction and rebalance timing.""]",No explicit martingale found.,5,5,4,4,stale but not archived,2023-09-14,310,121,No license found,"Study is practical. No license was found, so copying, modification, redistribution, and commercial reuse are not automatically permitted.",FAM-MACD-MONTHLY-REBAL,
STRAT-0079,FAM-MA-CROSS,Luxor SMA Stop-Limit Reversal with Costs,"[""Luxor""]",Trend and momentum,Moving-average crossover execution variant,verified from executable source,braverock/quantstrat,https://github.com/braverock/quantstrat,demo/luxor.1.strategy.basic.R,https://github.com/braverock/quantstrat/blob/1114e4a1a8a3b68d2fb7a62b52d743cbc5e4b39f/demo/luxor.1.strategy.basic.R,1114e4a1a8a3b68d2fb7a62b52d743cbc5e4b39f,public GitHub repository source file,reviewed implementation; canonical origin not established,[],R,R,quantstrat,"[""forex"", ""futures"", ""equities""]",[],"[""bar interval supplied by user""]",long and short,"[""OHLCV""]",[],"[""SMA(10)"", ""SMA(30)"", ""stop-limit entries"", ""transaction costs""]","Enter long on the fast SMA crossing above the slow SMA and short on the reverse crossing, using stop-limit style order rules.",An opposite crossover closes and reverses the position.,not implemented or not explicit,not implemented or not explicit,not implemented,Fixed quantity.,single-strategy position; no portfolio construction,"Quantstrat models stop-limit order semantics, transaction fees, and configured slippage.","[""SMA 10/30"", ""stop-limit order settings""]","Reverse with a 10/30 SMA crossover, using more explicit stop-limit execution and costs than the basic family sample.",No profitability claim relied upon.,No independently verified result used.,Explicit transaction cost function.,Explicit or configurable slippage in the demo stack.,strategy-specific tests not identified,not identified,No obvious future-data access found in static review.,"[""Stop-limit orders can remain unfilled during gaps.""]",No explicit martingale found.,5,5,4,4,stale but not archived,2023-09-14,310,121,No license found,"Study is practical. No license was found, so copying, modification, redistribution, and commercial reuse are not automatically permitted.",FAM-MA-CROSS,"Material execution variant of existing FAM-MA-CROSS, not a new family."
STRAT-0080,FAM-RSI-THRESHOLD-REV,Layered RSI(2) Threshold Reversal,"[""quantstrat RSI demo""]",Mean reversion,Layered RSI threshold exposure,verified from executable source,braverock/quantstrat,https://github.com/braverock/quantstrat,demo/rsi.R,https://github.com/braverock/quantstrat/blob/1114e4a1a8a3b68d2fb7a62b52d743cbc5e4b39f/demo/rsi.R,1114e4a1a8a3b68d2fb7a62b52d743cbc5e4b39f,public GitHub repository source file,reviewed implementation; canonical origin not established,[],R,R,quantstrat,"[""equities"", ""ETFs"", ""futures""]",[],"[""bar interval supplied by user""]",long and short,"[""OHLCV""]",[],"[""RSI(2)"", ""entry and exit thresholds"", ""layered position limits""]","Build long exposure when RSI(2) crosses below the lower threshold and short exposure when it crosses above the upper threshold, subject to position limits.",Reduce or reverse exposure when RSI crosses the opposing threshold.,not implemented or not explicit,not implemented or not explicit,not implemented,Layered fixed units with quantstrat position limits.,Single-instrument exposure can be accumulated in configured layers.,Bar-based signal evaluation and market or stop orders using framework semantics.,"[""RSI 2"", ""lower and upper thresholds"", ""entry layers"", ""position limit""]",Accumulate against extreme RSI(2) readings and unwind or reverse when the oscillator reaches the opposite side.,No profitability claim relied upon.,No independently verified result used.,not present in strategy source,not present in strategy source,strategy-specific tests not identified,not identified,No obvious future-data access found in static review.,"[""Layering into adverse moves can magnify trend losses.""]","Averaging is signal-layered rather than explicit loss-multiplied martingale, but exposure can increase while price moves adversely.",5,5,4,4,stale but not archived,2023-09-14,310,121,No license found,"Study is practical. No license was found, so copying, modification, redistribution, and commercial reuse are not automatically permitted.",FAM-RSI-THRESHOLD-REV,
STRAT-0081,FAM-PREV-DAY-RANGE-FADE,Previous-Day Extreme Fade Misnamed DailyBreakout,"[""DailyBreakout""]",Mean reversion,Previous-day high and low fade,verified from executable source,MikePapinski/MT4-Forex-Algorythms,https://github.com/MikePapinski/MT4-Forex-Algorythms,MQL4/Experts/DailyBreakout.mq4,https://github.com/MikePapinski/MT4-Forex-Algorythms/blob/6820ec56fdaf40516e82a556aa25f5d1be465b3d/MQL4/Experts/DailyBreakout.mq4,6820ec56fdaf40516e82a556aa25f5d1be465b3d,public GitHub repository source file,reviewed implementation; canonical origin not established,"[""https://github.com/MikePapinski/MT4-Forex-Algorythms/blob/6820ec56fdaf40516e82a556aa25f5d1be465b3d/MQL4/Include/DailyBreakoutTradeManagement.mqh""]",MQL4,MetaTrader 4,MQL4 Expert Advisor,"[""forex"", ""CFDs""]",[],"[""intraday with previous daily bar""]",long and short,"[""OHLCV""]",[],"[""previous-day high"", ""previous-day low"", ""account-wide profit and loss""]","Despite the name, sell when price trades above the previous day high and buy when price trades below the previous day low.",Close managed orders when account-level profit or loss thresholds are reached; opposite-side conditions can place new trades.,No robust per-trade protective stop is evident in the main logic.,not implemented or not explicit,not implemented,"Lot size scales approximately as account balance divided by 5000, which can become very large.",single-strategy position; no portfolio construction,"Market orders are submitted from OnTick. The helper iterates account orders, so unrelated trades can influence exits.","[""previous daily high/low"", ""balance-based lot size"", ""account profit/loss thresholds""]","Fade breaches of yesterday's range rather than follow them, with aggressive balance-based size and account-level exits.",No profitability claim relied upon.,No independently verified result used.,not present in strategy source,not present in strategy source,strategy-specific tests not identified,not identified,No obvious future-data access found in static review.,"[""File name and comments imply breakout, but executable direction is contrarian."", ""Account-wide P&L can close unrelated positions."", ""Sizing may create excessive leverage.""]","No loss-multiplier loop, but balance/5000 lot sizing is potentially unbounded and unsafe.",5,5,2,3,stale but not archived,2019-06-30,33,13,No license found,"Study is practical. No license was found, so copying, modification, redistribution, and commercial reuse are not automatically permitted.",FAM-PREV-DAY-RANGE-FADE,
STRAT-0082,FAM-AC-PERCEPTRON,Fixed Accelerator-Oscillator Linear Score EA,"[""ArtificialIntelligence""]",Machine learning and adaptive strategies,Fixed linear classifier on oscillator lags,verified from executable source,MikePapinski/MT4-Forex-Algorythms,https://github.com/MikePapinski/MT4-Forex-Algorythms,MQL4/Experts/ArtificialIntelligence.mq4,https://github.com/MikePapinski/MT4-Forex-Algorythms/blob/6820ec56fdaf40516e82a556aa25f5d1be465b3d/MQL4/Experts/ArtificialIntelligence.mq4,6820ec56fdaf40516e82a556aa25f5d1be465b3d,public GitHub repository source file,reviewed implementation; canonical origin not established,[],MQL4,MetaTrader 4,MQL4 Expert Advisor,"[""forex"", ""CFDs""]",[],"[""bar interval supplied by user""]",long and short,"[""OHLCV""]",[],"[""Accelerator Oscillator lag vector"", ""fixed linear weights"", ""score threshold""]",Calculate a fixed weighted sum of recent Accelerator Oscillator values. Buy when the score exceeds the positive threshold and sell when it falls below the negative threshold.,Close or reverse when the score crosses to the opposite side or configured profit management triggers.,Fixed point-based stop if enabled in the EA inputs.,Fixed point-based take profit if enabled.,not implemented,Fixed or input lot size.,single-strategy position; no portfolio construction,"Tick-driven market orders. The coefficients are embedded constants, not trained in the repository.","[""Accelerator lag count"", ""fixed coefficients"", ""score thresholds"", ""lot"", ""stop"", ""target""]",Apply a fixed linear classifier to lagged Accelerator Oscillator values and trade the sign when it exceeds a threshold.,No profitability claim relied upon.,No independently verified result used.,not present in strategy source,not present in strategy source,strategy-specific tests not identified,not identified,No obvious future-data access found in static review.,"[""The AI label is misleading because no training or model-selection code is present."", ""Fixed coefficients may be overfit to an unknown sample.""]",No explicit martingale found.,5,4,4,4,stale but not archived,2019-06-30,33,13,No license found,"Study is practical. No license was found, so copying, modification, redistribution, and commercial reuse are not automatically permitted.",FAM-AC-PERCEPTRON,
STRAT-0083,FAM-MTF-EMA-PULLBACK,Multi-Timeframe EMA Alignment and Pullback Recovery,"[""Trend Following EA""]",Trend and momentum,EMA alignment with lower-timeframe pullback state,verified from executable source,MikePapinski/MT4-Forex-Algorythms,https://github.com/MikePapinski/MT4-Forex-Algorythms,MQL4/Experts/Trend Following EA.mq4,https://github.com/MikePapinski/MT4-Forex-Algorythms/blob/6820ec56fdaf40516e82a556aa25f5d1be465b3d/MQL4/Experts/Trend%20Following%20EA.mq4,6820ec56fdaf40516e82a556aa25f5d1be465b3d,public GitHub repository source file,reviewed implementation; canonical origin not established,"[""https://github.com/MikePapinski/MT4-Forex-Algorythms/blob/6820ec56fdaf40516e82a556aa25f5d1be465b3d/MQL4/Include/TrendFollowingFunctions.mqh""]",MQL4,MetaTrader 4,MQL4 Expert Advisor,"[""forex"", ""CFDs""]",[],"[""multiple configured MetaTrader timeframes""]",long and short,"[""OHLCV""]",[],"[""EMA 3/5/15/45 alignment"", ""pullback below or above fast EMA"", ""recovery trigger""]","Require EMA 3, 5, 15, and 45 to be ordered in one direction on the trend timeframe. Arm a setup during a lower-timeframe pullback and enter when price recovers with the trend.","Exit on opposite trend state, account-level profit/loss management, or helper-defined trade management conditions.",not implemented or not explicit,not implemented or not explicit,not implemented,Configurable fixed or balance-derived lot size.,single-strategy position; no portfolio construction,OnTick state machine across multiple timeframe indicator calls.,"[""EMA 3/5/15/45"", ""trend timeframe"", ""entry timeframe"", ""profit/loss management""]",Trade lower-timeframe pullback recoveries only when four EMAs are fully aligned on a higher timeframe.,No profitability claim relied upon.,No independently verified result used.,not present in strategy source,not present in strategy source,strategy-specific tests not identified,not identified,No obvious future-data access found in static review.,"[""The helper uses account order iteration and an accumulator that needs initialization review."", ""Multi-timeframe values can change before higher-timeframe candle close.""]",No explicit martingale found.,5,5,2,3,stale but not archived,2019-06-30,33,13,No license found,"Study is practical. No license was found, so copying, modification, redistribution, and commercial reuse are not automatically permitted.",FAM-MTF-EMA-PULLBACK,
STRAT-0084,FAM-PIVOT-FIB-MARTINGALE,Pivot and Fibonacci SafeZone Averaging EA,"[""SafeZone""]",Mean reversion,Pivot/Fibonacci setup with loss averaging,verified from executable source,MikePapinski/MT4-Forex-Algorythms,https://github.com/MikePapinski/MT4-Forex-Algorythms,MQL4/Experts/SafeZone.mq4,https://github.com/MikePapinski/MT4-Forex-Algorythms/blob/6820ec56fdaf40516e82a556aa25f5d1be465b3d/MQL4/Experts/SafeZone.mq4,6820ec56fdaf40516e82a556aa25f5d1be465b3d,public GitHub repository source file,reviewed implementation; canonical origin not established,"[""https://github.com/MikePapinski/MT4-Forex-Algorythms/blob/6820ec56fdaf40516e82a556aa25f5d1be465b3d/MQL4/Include/SafeZoneTradeManagement.mqh""]",MQL4,MetaTrader 4,MQL4 Expert Advisor,"[""forex"", ""CFDs""]",[],"[""bar interval supplied by user""]",long and short,"[""OHLCV""]",[],"[""daily pivots"", ""Fibonacci levels"", ""H1 EMA filter"", ""account P&L tiers""]","Use pivot and Fibonacci zones with an hourly EMA directional filter to enter. When account P&L reaches deeper losses, repeatedly add a block of four positions in the current direction.",Close the managed basket at configured account profit or loss conditions.,No bounded per-position stop that prevents repeated basket expansion.,not implemented or not explicit,not implemented,Initial lots are configurable; additional blocks of four units are added at loss thresholds.,Account-level basket management rather than isolated position management.,Bar-based signal evaluation and market or stop orders using framework semantics.,"[""pivot/Fibonacci zones"", ""H1 EMA"", ""loss thresholds"", ""four-position add blocks""]",Enter from pivot/Fibonacci zones and average into account-level losses in repeated blocks before closing the basket at global thresholds.,No profitability claim relied upon.,No independently verified result used.,not present in strategy source,not present in strategy source,strategy-specific tests not identified,not identified,No obvious future-data access found in static review.,"[""Account-wide state can include unrelated trades."", ""Repeated additions can exhaust margin during a persistent move.""]",Severe averaging-down and potentially unbounded exposure. Repeated four-position additions are triggered by worsening loss.,5,5,2,2,stale but not archived,2019-06-30,33,13,No license found,"Study is practical. No license was found, so copying, modification, redistribution, and commercial reuse are not automatically permitted.",FAM-PIVOT-FIB-MARTINGALE,
STRAT-0085,FAM-STRADDLE-GRID-LADDER,Symmetric Stop-Order Grid Ladder,"[""mGRID EA""]",Market making and liquidity,Directional stop grid,verified from executable source,MikePapinski/MT4-Forex-Algorythms,https://github.com/MikePapinski/MT4-Forex-Algorythms,MQL4/Experts/mGRID EA.mq4,https://github.com/MikePapinski/MT4-Forex-Algorythms/blob/6820ec56fdaf40516e82a556aa25f5d1be465b3d/MQL4/Experts/mGRID%20EA.mq4,6820ec56fdaf40516e82a556aa25f5d1be465b3d,public GitHub repository source file,reviewed implementation; canonical origin not established,[],MQL4,MetaTrader 4,MQL4 Expert Advisor,"[""forex"", ""CFDs""]",[],"[""bar interval supplied by user""]",long and short,"[""OHLCV""]",[],"[""buy-stop ladder"", ""sell-stop ladder"", ""dynamic lot scaling"", ""grid spacing""]",Maintain buy-stop orders above price and sell-stop orders below price at grid intervals. Replenish or scale pending orders as fills occur.,"Manage the basket through configured profit, stop, or opposite grid behavior; pending orders are canceled or rebuilt according to the EA state.",Basket or order stop settings are configurable but do not create a robust portfolio loss cap.,not implemented or not explicit,not implemented,Grid levels can use increasing order sizes.,Simultaneous pending ladders on both sides of the market.,Bar-based signal evaluation and market or stop orders using framework semantics.,"[""grid spacing"", ""number of levels"", ""initial lot"", ""lot multiplier"", ""basket thresholds""]",Place symmetric stop-entry ladders around price and manage the resulting basket as the market traverses grid levels.,No profitability claim relied upon.,No independently verified result used.,not present in strategy source,not present in strategy source,strategy-specific tests not identified,not identified,No obvious future-data access found in static review.,"[""Pending-order duplicate controls are weak."", ""Spread, gaps, and fast markets can fill multiple levels before management reacts.""]",Potentially escalating grid size and unbounded basket exposure depending on multiplier settings.,5,5,2,3,stale but not archived,2019-06-30,33,13,No license found,"Study is practical. No license was found, so copying, modification, redistribution, and commercial reuse are not automatically permitted.",FAM-STRADDLE-GRID-LADDER,
STRAT-0086,FAM-MACD-ZERO-CROSS-EMA,MACD Signal Zero-Cross with EMA Trend Filter,"[""MACD Sample""]",Trend and momentum,MACD zero-line state and EMA filter,verified from executable source,MikePapinski/MT4-Forex-Algorythms,https://github.com/MikePapinski/MT4-Forex-Algorythms,MQL4/Experts/MACD Sample.mq4,https://github.com/MikePapinski/MT4-Forex-Algorythms/blob/6820ec56fdaf40516e82a556aa25f5d1be465b3d/MQL4/Experts/MACD%20Sample.mq4,6820ec56fdaf40516e82a556aa25f5d1be465b3d,public GitHub repository source file,reviewed implementation; canonical origin not established,[],MQL4,MetaTrader 4,MQL4 Expert Advisor,"[""forex"", ""CFDs""]",[],"[""bar interval supplied by user""]",long and short,"[""OHLCV""]",[],"[""MACD main and signal"", ""zero line"", ""EMA trend filter""]",Buy when the MACD signal crosses into the positive regime with price above the EMA filter. Sell when it crosses negative with price below the EMA.,"Close on the opposite MACD condition, take profit, or trailing-stop management.",Input stop or trailing protection in points.,Fixed take-profit points.,Point-based trailing stop.,Input lot size.,single-strategy position; no portfolio construction,Bar-based signal evaluation and market or stop orders using framework semantics.,"[""MACD parameters"", ""EMA period"", ""take profit"", ""trailing stop""]","Trade a MACD zero-regime transition only when price agrees with an EMA trend filter, then manage with target and trail.",No profitability claim relied upon.,No independently verified result used.,not present in strategy source,not present in strategy source,strategy-specific tests not identified,not identified,No obvious future-data access found in static review.,"[""Classic MetaQuotes sample semantics and tick-level order handling can differ from bar-close ports.""]",No explicit martingale found.,5,5,4,5,stale but not archived,2019-06-30,33,13,No license found,"Study is practical. No license was found, so copying, modification, redistribution, and commercial reuse are not automatically permitted.",FAM-MACD-ZERO-CROSS-EMA,
STRAT-0087,FAM-MA-CROSS,Shifted SMA Candle-Body Reversal with Loss-Responsive Sizing,"[""Moving Average sample""]",Trend and momentum,Moving-average cross and adaptive lot sample,verified from executable source,MikePapinski/MT4-Forex-Algorythms,https://github.com/MikePapinski/MT4-Forex-Algorythms,MQL4/Experts/Moving Average.mq4,https://github.com/MikePapinski/MT4-Forex-Algorythms/blob/6820ec56fdaf40516e82a556aa25f5d1be465b3d/MQL4/Experts/Moving%20Average.mq4,6820ec56fdaf40516e82a556aa25f5d1be465b3d,public GitHub repository source file,reviewed implementation; canonical origin not established,[],MQL4,MetaTrader 4,MQL4 Expert Advisor,"[""forex"", ""CFDs""]",[],"[""bar interval supplied by user""]",long and short,"[""OHLCV""]",[],"[""shifted SMA(12)"", ""candle body crossing average"", ""recent-loss lot reduction""]",Buy when the prior candle body crosses from below to above a shifted SMA and sell on the opposite body cross.,Opposite signal closes and reverses the current position.,not implemented or not explicit,not implemented or not explicit,not implemented,Base lot is adjusted downward after recent losing trades rather than increased.,single-strategy position; no portfolio construction,Bar-based signal evaluation and market or stop orders using framework semantics.,"[""SMA 12"", ""MA shift 6"", ""risk lot input""]","Reverse when the completed candle body crosses a shifted 12-period moving average, reducing size after losses.",No profitability claim relied upon.,No independently verified result used.,not present in strategy source,not present in strategy source,strategy-specific tests not identified,not identified,No obvious future-data access found in static review.,"[""Uses a platform sample lot-sizing heuristic and assumes clean order-history attribution.""]",No explicit martingale found.,5,5,4,4,stale but not archived,2019-06-30,33,13,No license found,"Study is practical. No license was found, so copying, modification, redistribution, and commercial reuse are not automatically permitted.",FAM-MA-CROSS,Material MQL4 implementation in the existing moving-average crossover family.
STRAT-0088,FAM-20PCT-FLIPPER,Twenty-Percent Drawdown Flipper,"[""20 Percent Flipper""]",Mean reversion,Large drawdown reversal,verified from executable source,jboxman/thinkscripts,https://github.com/jboxman/thinkscripts,strategies/gpt_20_percent_flipper_strategy.thinkscript,https://github.com/jboxman/thinkscripts/blob/799fbb61f34090baaac72550d44e9258495e5c42/strategies/gpt_20_percent_flipper_strategy.thinkscript,799fbb61f34090baaac72550d44e9258495e5c42,public GitHub repository source file,reviewed implementation; canonical origin not established,[],ThinkScript,thinkorswim,ThinkScript strategy engine,"[""equities"", ""ETFs"", ""indices""]",[],"[""daily""]",long only,"[""OHLCV""]",[],"[""rolling peak"", ""20% drawdown"", ""recovery or trend exit""]",Enter at the next open after price closes at least 20% below its rolling peak and the configured reversal confirmation occurs.,Exit at the next open when the recovery or trend-based exit condition is met.,not implemented or not explicit,not implemented or not explicit,not implemented,Fixed ThinkScript trade size.,single-strategy position; no portfolio construction,Signals are evaluated at the close and modeled at next-bar open.,"[""drawdown 20%"", ""peak lookback"", ""confirmation settings""]",Buy a confirmed reversal after a 20% decline from a prior peak and leave on the configured recovery or trend failure.,No profitability claim relied upon.,No independently verified result used.,not present in strategy source,not present in strategy source,strategy-specific tests not identified,not identified,No obvious future-data access found in static review.,"[""Threshold selection can be regime-specific."", ""No explicit transaction costs.""]",No explicit martingale found.,5,5,4,5,active,2026-08-30,0,0,No license found,"Study is practical. No license was found, so copying, modification, redistribution, and commercial reuse are not automatically permitted.",FAM-20PCT-FLIPPER,
STRAT-0089,FAM-MCCLELLAN-REPAIR,Normalized McClellan Breadth Repair Strategy,"[""McClellan Normalized Strategy""]",Trend and momentum,Market breadth oscillator repair,verified from executable source,jboxman/thinkscripts,https://github.com/jboxman/thinkscripts,strategies/gpt_mcclellan_normalized_strategy.thinkscript,https://github.com/jboxman/thinkscripts/blob/799fbb61f34090baaac72550d44e9258495e5c42/strategies/gpt_mcclellan_normalized_strategy.thinkscript,799fbb61f34090baaac72550d44e9258495e5c42,public GitHub repository source file,reviewed implementation; canonical origin not established,[],ThinkScript,thinkorswim,ThinkScript strategy engine,"[""equity indices"", ""ETFs""]",[],"[""daily""]",long only,"[""advancing issues"", ""declining issues"", ""index or ETF OHLC""]","[""market breadth symbols supported by thinkorswim""]","[""normalized McClellan oscillator"", ""breadth repair threshold""]",Enter after the normalized McClellan oscillator recovers above its configured repair threshold from a weak state.,Exit when breadth deteriorates below the selected exit condition.,not implemented or not explicit,not implemented or not explicit,not implemented,Fixed trade size.,single-strategy position; no portfolio construction,Next-open AddOrder execution.,"[""fast and slow breadth EMAs"", ""repair threshold"", ""exit threshold""]",Use a normalized advance-decline oscillator to buy when market breadth repairs from weakness and exit when breadth fails again.,No profitability claim relied upon.,No independently verified result used.,not present in strategy source,not present in strategy source,strategy-specific tests not identified,not identified,No obvious future-data access found in static review.,"[""Breadth symbol definitions and constituent history can introduce data-provider and survivorship differences.""]",No explicit martingale found.,5,5,4,5,active,2026-08-30,0,0,No license found,"Study is practical. No license was found, so copying, modification, redistribution, and commercial reuse are not automatically permitted.",FAM-MCCLELLAN-REPAIR,
STRAT-0090,FAM-EXACT-SWING-LOW-HINDSIGHT,Exact Five-Percent Swing-Low Hindsight Study,"[""SPX 5% Exact Swing Low""]",Mean reversion,Noncausal exact swing-low selection,verified from executable source,jboxman/thinkscripts,https://github.com/jboxman/thinkscripts,strategies/gpt_spx_5pct_exact_swing_low_strategy.thinkscript,https://github.com/jboxman/thinkscripts/blob/799fbb61f34090baaac72550d44e9258495e5c42/strategies/gpt_spx_5pct_exact_swing_low_strategy.thinkscript,799fbb61f34090baaac72550d44e9258495e5c42,public GitHub repository source file,reviewed implementation; canonical origin not established,[],ThinkScript,thinkorswim,ThinkScript strategy engine,"[""equity indices"", ""ETFs""]",[],"[""daily""]",long only,"[""OHLCV""]",[],"[""future 20-bar low"", ""5% prior drawdown"", ""next-open entry""]","The code marks a bar only when it is known, using up to 20 future bars, to be the exact swing low after a 5% decline. It then models a next-open long.",Exit under the strategy's subsequent recovery condition.,not implemented or not explicit,not implemented or not explicit,not implemented,Fixed trade size.,single-strategy position; no portfolio construction,Bar-based signal evaluation and market or stop orders using framework semantics.,[],A hindsight benchmark that buys exact future-confirmed swing lows after 5% declines. It is not a deployable causal strategy.,No profitability claim relied upon.,No independently verified result used.,not present in strategy source,not present in strategy source,strategy-specific tests not identified,not identified,Confirmed severe future leakage: the entry rule references future bars to identify the exact low.,"[""Historical performance is invalid for live inference because the selected entry cannot be known at the time.""]",No explicit martingale found.,5,5,5,4,active,2026-08-30,0,0,No license found,"Study is practical. No license was found, so copying, modification, redistribution, and commercial reuse are not automatically permitted.",FAM-EXACT-SWING-LOW-HINDSIGHT,"Retained as required by the research protocol, with maximum repaint and lookahead warning."
STRAT-0091,FAM-TEN-CLOSES-SMA,Ten Consecutive Closes Relative to SMA(5),"[""Ten Closes 5SMA""]",Trend and momentum,Persistent close streak,verified from executable source,jboxman/thinkscripts,https://github.com/jboxman/thinkscripts,strategies/gpt_ten_closes_5sma_strategy.thinkscript,https://github.com/jboxman/thinkscripts/blob/799fbb61f34090baaac72550d44e9258495e5c42/strategies/gpt_ten_closes_5sma_strategy.thinkscript,799fbb61f34090baaac72550d44e9258495e5c42,public GitHub repository source file,reviewed implementation; canonical origin not established,[],ThinkScript,thinkorswim,ThinkScript strategy engine,"[""equities"", ""ETFs"", ""futures"", ""forex""]",[],"[""daily or bar interval""]",long and short,"[""OHLCV""]",[],"[""SMA(5)"", ""10-bar all-above/all-below test""]",Enter long after ten consecutive closes above SMA(5) and short after ten consecutive closes below SMA(5).,Opposite ten-bar state closes and reverses the position.,not implemented or not explicit,not implemented or not explicit,not implemented,Fixed trade size.,single-strategy position; no portfolio construction,Next-open AddOrder fills.,"[""SMA 5"", ""streak length 10""]",Hold long after ten straight closes above the five-bar average and short after ten straight closes below it.,No profitability claim relied upon.,No independently verified result used.,not present in strategy source,not present in strategy source,strategy-specific tests not identified,not identified,No obvious future-data access found in static review.,"[""The long streak requirement creates delayed entries and concentrated trend-regime samples.""]",No explicit martingale found.,5,5,4,5,active,2026-08-30,0,0,No license found,"Study is practical. No license was found, so copying, modification, redistribution, and commercial reuse are not automatically permitted.",FAM-TEN-CLOSES-SMA,
STRAT-0092,FAM-SPX-DRAWDOWN-GREEN-REVERSAL,Five-Percent Drawdown Green-Bar Reversal with EMA Exit,"[""SPX 5% Green Reversal""]",Mean reversion,Drawdown and bullish reversal bar,verified from executable source,jboxman/thinkscripts,https://github.com/jboxman/thinkscripts,strategies/gpt_spx_5pct_green_reversal_strategy.thinkscript,https://github.com/jboxman/thinkscripts/blob/799fbb61f34090baaac72550d44e9258495e5c42/strategies/gpt_spx_5pct_green_reversal_strategy.thinkscript,799fbb61f34090baaac72550d44e9258495e5c42,public GitHub repository source file,reviewed implementation; canonical origin not established,[],ThinkScript,thinkorswim,ThinkScript strategy engine,"[""equity indices"", ""ETFs""]",[],"[""daily""]",long only,"[""OHLCV""]",[],"[""5% drawdown"", ""bullish candle"", ""EMA exit""]","After the index has declined at least 5% from the selected prior reference, enter at the next open when the signal bar closes above its open.",Exit at the next open when close crosses below the configured EMA.,not implemented or not explicit,not implemented or not explicit,not implemented,Fixed trade size.,single-strategy position; no portfolio construction,Bar-based signal evaluation and market or stop orders using framework semantics.,"[""drawdown 5%"", ""EMA exit length""]",Buy the first green reversal bar after a 5% index decline and exit on an EMA breakdown.,No profitability claim relied upon.,No independently verified result used.,not present in strategy source,not present in strategy source,strategy-specific tests not identified,not identified,No obvious future-data access found in static review.,"[""Index-only design and chosen drawdown reference can create sample-selection sensitivity.""]",No explicit martingale found.,5,5,4,5,active,2026-08-30,0,0,No license found,"Study is practical. No license was found, so copying, modification, redistribution, and commercial reuse are not automatically permitted.",FAM-SPX-DRAWDOWN-GREEN-REVERSAL,
STRAT-0093,FAM-TECHTRADER-BREAKOUT,Low-Priced High-Turnover New-High Breakout,"[""TechTrader Strategy""]",Breakout and session strategies,Liquidity-filtered price breakout,verified from executable source,jboxman/thinkscripts,https://github.com/jboxman/thinkscripts,strategies/gpt_techtrader_strategy.thinkscript,https://github.com/jboxman/thinkscripts/blob/799fbb61f34090baaac72550d44e9258495e5c42/strategies/gpt_techtrader_strategy.thinkscript,799fbb61f34090baaac72550d44e9258495e5c42,public GitHub repository source file,reviewed implementation; canonical origin not established,[],ThinkScript,thinkorswim,ThinkScript strategy engine,"[""equities""]",[],"[""daily""]",long only,"[""OHLCV""]",[],"[""SMA(40)"", ""price below 10"", ""green bar"", ""21-day dollar turnover"", ""70-day high"", ""prior 10-day breakout"", ""EMA(180) of lows""]","Enter at the next open when close is above SMA(40), below $10, the bar is bullish, average 21-day dollar turnover exceeds $500,000, the bar makes a 70-day high, and high exceeds the prior 10-day high.",Exit when the intraday low touches the active stop. A gap below the stop is modeled at the open.,Active stop is the higher of 10% below actual fill and EMA(180) of lows.,not implemented or not explicit,EMA(180) of lows acts as a nondecreasing trend stop when above the initial stop.,Fixed ThinkScript trade size.,single-strategy position; no portfolio construction,"Signal at close, next-open entry, gap-aware stop fill.","[""SMA 40"", ""max price 10"", ""turnover 21 > 500000"", ""new high 70"", ""breakout 10"", ""initial stop 10%"", ""EMA lows 180""]","Buy liquid sub-$10 stocks breaking to a 70-day high above a rising trend filter, then protect with the higher of a 10% initial stop and a 180-day EMA of lows.",No profitability claim relied upon.,No independently verified result used.,not present in strategy source,not present in strategy source,strategy-specific tests not identified,not identified,No obvious future-data access found in static review.,"[""Subjective chart-review conditions mentioned by the source are deliberately not automated."", ""Point-in-time delisting and low-price universe data are essential.""]",No explicit martingale found.,5,5,4,5,active,2026-08-30,0,0,No license found,"Study is practical. No license was found, so copying, modification, redistribution, and commercial reuse are not automatically permitted.",FAM-TECHTRADER-BREAKOUT,
STRAT-0094,FAM-ER-FILTERED-MA,Kaufman Efficiency-Ratio Filtered MA Reversal,"[""Efficiency Ratio Filter""]",Trend and momentum,Efficiency-filtered moving-average reversal,verified from executable source,Gioele-Pgni/EasyLanguage-Trading-Strategies,https://github.com/Gioele-Pgni/EasyLanguage-Trading-Strategies,Efficiency Ratio Filter,https://github.com/Gioele-Pgni/EasyLanguage-Trading-Strategies/blob/772cd6a0785772b4204ff2d0b305b4495de33a47/Efficiency%20Ratio%20Filter,772cd6a0785772b4204ff2d0b305b4495de33a47,public GitHub repository source file,reviewed implementation; canonical origin not established,[],EasyLanguage,TradeStation / MultiCharts,EasyLanguage,"[""futures"", ""equities"", ""forex""]",[],"[""bar interval supplied by user""]",long and short,"[""OHLCV""]",[],"[""fast and slow moving averages"", ""Kaufman efficiency ratio"", ""efficiency threshold""]",Enter long on a bullish moving-average crossover only when the efficiency ratio is above its threshold; enter short on the bearish crossover under the same trend-efficiency filter.,An opposite filtered crossover closes and reverses the position.,not implemented or not explicit,not implemented or not explicit,not implemented,EasyLanguage strategy default quantity.,single-strategy position; no portfolio construction,Bar-based signal evaluation and market or stop orders using framework semantics.,"[""fast MA"", ""slow MA"", ""efficiency lookback"", ""efficiency threshold""]",Trade moving-average crosses only when Kaufman efficiency indicates a sufficiently directional market.,No profitability claim relied upon.,No independently verified result used.,not present in strategy source,not present in strategy source,strategy-specific tests not identified,not identified,No obvious future-data access found in static review.,"[""The efficiency threshold can be heavily optimized to a market and timeframe.""]",No explicit martingale found.,5,5,4,5,active,2026-08-21,0,0,No license found,"Study is practical. No license was found, so copying, modification, redistribution, and commercial reuse are not automatically permitted.",FAM-ER-FILTERED-MA,
STRAT-0095,FAM-INSIDE-BAR-5BAR-BREAKOUT,Inside-Bar Armed Five-Bar Channel Breakout,"[""Inside Bar Breakout""]",Breakout and session strategies,Inside-bar setup with channel trigger,verified from executable source,Gioele-Pgni/EasyLanguage-Trading-Strategies,https://github.com/Gioele-Pgni/EasyLanguage-Trading-Strategies,Inside Bar Breakout,https://github.com/Gioele-Pgni/EasyLanguage-Trading-Strategies/blob/772cd6a0785772b4204ff2d0b305b4495de33a47/Inside%20Bar%20Breakout,772cd6a0785772b4204ff2d0b305b4495de33a47,public GitHub repository source file,reviewed implementation; canonical origin not established,[],EasyLanguage,TradeStation / MultiCharts,EasyLanguage,"[""futures"", ""equities"", ""forex""]",[],"[""intraday""]",long and short,"[""OHLCV""]",[],"[""inside bar"", ""five-bar high and low"", ""session close""]","After an inside bar arms the setup, buy stop at the highest high of the recent five bars or sell short at the lowest low of the recent five bars.",Flatten at the end of the trading session or reverse on the opposite armed breakout according to platform position state.,No separate protective stop before session close.,not implemented or not explicit,not implemented,EasyLanguage default quantity.,single-strategy position; no portfolio construction,Bar-based signal evaluation and market or stop orders using framework semantics.,"[""inside-bar condition"", ""channel lookback 5"", ""session close""]","Use an inside bar only as an arming event, then trade a breakout of the surrounding five-bar channel and flatten by session end.",No profitability claim relied upon.,No independently verified result used.,not present in strategy source,not present in strategy source,strategy-specific tests not identified,not identified,No obvious future-data access found in static review.,"[""The strategy name hides the five-bar channel trigger."", ""If both stops trade in one bar, fill ordering matters.""]",No explicit martingale found.,5,5,4,5,active,2026-08-21,0,0,No license found,"Study is practical. No license was found, so copying, modification, redistribution, and commercial reuse are not automatically permitted.",FAM-INSIDE-BAR-5BAR-BREAKOUT,
STRAT-0096,FAM-PREV-DAY-BREAKOUT-MA,Previous-Day High/Low Stop Breakout with MA Exit,"[""Previous Day Breakout""]",Breakout and session strategies,Prior-day range breakout,verified from executable source,Gioele-Pgni/EasyLanguage-Trading-Strategies,https://github.com/Gioele-Pgni/EasyLanguage-Trading-Strategies,Previous Day Breakout,https://github.com/Gioele-Pgni/EasyLanguage-Trading-Strategies/blob/772cd6a0785772b4204ff2d0b305b4495de33a47/Previous%20Day%20Breakout,772cd6a0785772b4204ff2d0b305b4495de33a47,public GitHub repository source file,reviewed implementation; canonical origin not established,[],EasyLanguage,TradeStation / MultiCharts,EasyLanguage,"[""futures"", ""equities"", ""forex""]",[],"[""intraday with daily reference""]",long and short,"[""OHLCV""]",[],"[""previous-day high"", ""previous-day low"", ""moving-average exit""]",Place a buy stop at the previous day high and a sell-short stop at the previous day low.,Exit when price crosses the configured moving average against the position or when session logic requires flattening.,not implemented or not explicit,not implemented or not explicit,not implemented,EasyLanguage default quantity.,single-strategy position; no portfolio construction,Bar-based signal evaluation and market or stop orders using framework semantics.,"[""previous day high/low"", ""exit MA length""]",Trade stop breaks of yesterday's range and leave when price loses the moving-average trend.,No profitability claim relied upon.,No independently verified result used.,not present in strategy source,not present in strategy source,strategy-specific tests not identified,not identified,No obvious future-data access found in static review.,"[""Gap-through stop fills and overnight session definitions materially affect performance.""]",No explicit martingale found.,5,5,4,5,active,2026-08-21,0,0,No license found,"Study is practical. No license was found, so copying, modification, redistribution, and commercial reuse are not automatically permitted.",FAM-PREV-DAY-BREAKOUT-MA,
STRAT-0097,FAM-MA-TREND-ATR-TRAIL,Long-Term Moving-Average Trend with ATR Trail,"[""TrendFollowing LongTerm""]",Trend and momentum,Long-term MA trend and ATR risk,verified from executable source,Gioele-Pgni/EasyLanguage-Trading-Strategies,https://github.com/Gioele-Pgni/EasyLanguage-Trading-Strategies,TrendFollowing LongTerm,https://github.com/Gioele-Pgni/EasyLanguage-Trading-Strategies/blob/772cd6a0785772b4204ff2d0b305b4495de33a47/TrendFollowing%20LongTerm,772cd6a0785772b4204ff2d0b305b4495de33a47,public GitHub repository source file,reviewed implementation; canonical origin not established,[],EasyLanguage,TradeStation / MultiCharts,EasyLanguage,"[""futures"", ""commodities"", ""forex"", ""equities""]",[],"[""bar interval supplied by user""]",long and short,"[""OHLCV""]",[],"[""long moving average"", ""trend entry"", ""ATR trailing stop""]",Enter in the direction of price relative to the long-term moving average when the trend condition changes or confirms.,"Exit or reverse when the trend condition flips, with an ATR-based trailing stop active while positioned.",ATR multiple from the best or reference price.,not implemented or not explicit,ATR-based trailing stop.,EasyLanguage default quantity.,single-strategy position; no portfolio construction,Bar-based signal evaluation and market or stop orders using framework semantics.,"[""long MA length"", ""ATR length"", ""ATR multiplier""]",Follow the long-term moving-average regime and trail the position by a volatility-scaled ATR distance.,No profitability claim relied upon.,No independently verified result used.,not present in strategy source,not present in strategy source,strategy-specific tests not identified,not identified,No obvious future-data access found in static review.,"[""Exact ATR stop fill behavior depends on TradeStation or MultiCharts bar settings.""]",No explicit martingale found.,5,5,4,5,active,2026-08-21,0,0,No license found,"Study is practical. No license was found, so copying, modification, redistribution, and commercial reuse are not automatically permitted.",FAM-MA-TREND-ATR-TRAIL,
STRAT-0098,FAM-DONCHIAN,EasyLanguage Price-Channel Volatility Breakout,"[""Volatility Breakout""]",Breakout and session strategies,Price-channel breakout port,verified from executable source,Gioele-Pgni/EasyLanguage-Trading-Strategies,https://github.com/Gioele-Pgni/EasyLanguage-Trading-Strategies,Volatility Breakout,https://github.com/Gioele-Pgni/EasyLanguage-Trading-Strategies/blob/772cd6a0785772b4204ff2d0b305b4495de33a47/Volatility%20Breakout,772cd6a0785772b4204ff2d0b305b4495de33a47,public GitHub repository source file,reviewed implementation; canonical origin not established,[],EasyLanguage,TradeStation / MultiCharts,EasyLanguage,"[""futures"", ""commodities"", ""forex"", ""equities""]",[],"[""bar interval supplied by user""]",long and short,"[""OHLCV""]",[],"[""highest high channel"", ""lowest low channel""]",Buy on a break above the configured rolling high and sell short on a break below the rolling low.,The opposite channel break closes and reverses the position.,not implemented or not explicit,not implemented or not explicit,not implemented,EasyLanguage default quantity.,single-strategy position; no portfolio construction,Bar-based signal evaluation and market or stop orders using framework semantics.,"[""channel lookback""]",Maintain the direction of a rolling price-channel breakout and reverse on the opposite channel.,No profitability claim relied upon.,No independently verified result used.,not present in strategy source,not present in strategy source,strategy-specific tests not identified,not identified,No obvious future-data access found in static review.,"[""Same family as the verified Donchian implementations; exact stop-order semantics differ by platform.""]",No explicit martingale found.,5,5,4,5,active,2026-08-21,0,0,No license found,"Study is practical. No license was found, so copying, modification, redistribution, and commercial reuse are not automatically permitted.",FAM-DONCHIAN,Language-port and execution variant grouped with existing FAM-DONCHIAN.
STRAT-0099,FAM-BB-MEAN-REV,EasyLanguage Bollinger Mean Reversion,"[""Bollinger Mean Reversion""]",Mean reversion,Bollinger band reversal to mean,verified from executable source,Gioele-Pgni/EasyLanguage-Trading-Strategies,https://github.com/Gioele-Pgni/EasyLanguage-Trading-Strategies,Bollinger Mean Reversion,https://github.com/Gioele-Pgni/EasyLanguage-Trading-Strategies/blob/772cd6a0785772b4204ff2d0b305b4495de33a47/Bollinger%20Mean%20Reversion,772cd6a0785772b4204ff2d0b305b4495de33a47,public GitHub repository source file,reviewed implementation; canonical origin not established,[],EasyLanguage,TradeStation / MultiCharts,EasyLanguage,"[""futures"", ""equities"", ""forex""]",[],"[""bar interval supplied by user""]",long and short,"[""OHLCV""]",[],"[""Bollinger Bands"", ""moving-average centerline""]",Buy after price crosses below the lower Bollinger Band and sell short after price crosses above the upper band.,Exit when price returns to the Bollinger moving-average centerline.,not implemented or not explicit,not implemented or not explicit,not implemented,EasyLanguage default quantity.,single-strategy position; no portfolio construction,Bar-based signal evaluation and market or stop orders using framework semantics.,"[""Bollinger length"", ""standard-deviation width""]",Fade closes beyond a Bollinger envelope and take the reversion at the centerline.,No profitability claim relied upon.,No independently verified result used.,not present in strategy source,not present in strategy source,strategy-specific tests not identified,not identified,No obvious future-data access found in static review.,"[""No independent stop; persistent trends can dominate.""]",No explicit martingale found.,5,5,4,5,active,2026-08-21,0,0,No license found,"Study is practical. No license was found, so copying, modification, redistribution, and commercial reuse are not automatically permitted.",FAM-BB-MEAN-REV,
STRAT-0100,FAM-RSI-THRESHOLD-REV,EasyLanguage RSI Threshold Mean Reversion,"[""RSI Mean Reversion""]",Mean reversion,RSI extreme reversal,verified from executable source,Gioele-Pgni/EasyLanguage-Trading-Strategies,https://github.com/Gioele-Pgni/EasyLanguage-Trading-Strategies,RSI Mean Reversion,https://github.com/Gioele-Pgni/EasyLanguage-Trading-Strategies/blob/772cd6a0785772b4204ff2d0b305b4495de33a47/RSI%20Mean%20Reversion,772cd6a0785772b4204ff2d0b305b4495de33a47,public GitHub repository source file,reviewed implementation; canonical origin not established,[],EasyLanguage,TradeStation / MultiCharts,EasyLanguage,"[""futures"", ""equities"", ""forex""]",[],"[""bar interval supplied by user""]",long and short,"[""OHLCV""]",[],"[""RSI"", ""oversold and overbought thresholds""]",Enter long when RSI falls below the oversold threshold and short when it rises above the overbought threshold.,Exit or reverse when RSI reaches the opposing threshold or configured neutral exit.,not implemented or not explicit,not implemented or not explicit,not implemented,EasyLanguage default quantity.,single-strategy position; no portfolio construction,Bar-based signal evaluation and market or stop orders using framework semantics.,"[""RSI length"", ""oversold threshold"", ""overbought threshold""]",Trade against RSI extremes and close or reverse when the oscillator reaches the opposite side.,No profitability claim relied upon.,No independently verified result used.,not present in strategy source,not present in strategy source,strategy-specific tests not identified,not identified,No obvious future-data access found in static review.,"[""No trend filter or hard stop in the source.""]",No explicit martingale found.,5,5,4,5,active,2026-08-21,0,0,No license found,"Study is practical. No license was found, so copying, modification, redistribution, and commercial reuse are not automatically permitted.",FAM-RSI-THRESHOLD-REV,
STRAT-0101,FAM-MA-CROSS,Strategems Adjusted-Close SMA Crossover,"[""faber.jl""]",Trend and momentum,Moving-average crossover Julia port,verified from executable source,JTAmos/Strategems.jl,https://github.com/JTAmos/Strategems.jl,examples/faber.jl,https://github.com/JTAmos/Strategems.jl/blob/d7126264c7639a611162f98fcf33f69e464dcb8c/examples/faber.jl,d7126264c7639a611162f98fcf33f69e464dcb8c,public GitHub repository source file,reviewed implementation; canonical origin not established,[],Julia,Julia,Strategems.jl,"[""equities"", ""ETFs""]",[],"[""daily""]",long or flat,"[""OHLCV""]",[],"[""adjusted close"", ""simple moving average""]",Buy a fixed quantity at the next open when adjusted close crosses above its simple moving average.,Sell at the next open when adjusted close crosses below the average.,not implemented or not explicit,not implemented or not explicit,not implemented,Fixed 100 units in the example.,single-strategy position; no portfolio construction,Signal on adjusted close and execute at next open.,"[""SMA length"", ""fixed size 100""]","A per-asset adjusted-close SMA crossover implemented in Julia, despite the file being named Faber.",No profitability claim relied upon.,No independently verified result used.,not present in strategy source,not present in strategy source,strategy-specific tests not identified,not identified,No obvious future-data access found in static review.,"[""The file name suggests tactical allocation but the executable code is a single-asset crossover.""]",No explicit martingale found.,5,5,4,5,stale but not archived,2021-04-06,167,38,Other / NOASSERTION,"Logic can be studied. Reuse, modification, redistribution, and commercial use require reviewing the stated or non-standard license terms.",FAM-MA-CROSS,Julia language port in the existing FAM-MA-CROSS family.
STRAT-0102,FAM-MAMA-FAMA,MESA Adaptive Moving Average Crossover,"[""MAMA strategy""]",Trend and momentum,MAMA/FAMA adaptive crossover,verified from executable source,JTAmos/Strategems.jl,https://github.com/JTAmos/Strategems.jl,examples/mama.jl,https://github.com/JTAmos/Strategems.jl/blob/d7126264c7639a611162f98fcf33f69e464dcb8c/examples/mama.jl,d7126264c7639a611162f98fcf33f69e464dcb8c,public GitHub repository source file,reviewed implementation; canonical origin not established,[],Julia,Julia,Strategems.jl,"[""futures"", ""commodities""]","[""crude oil"", ""gasoline futures""]","[""daily example""]",long and short,"[""OHLCV""]",[],"[""MESA Adaptive Moving Average"", ""Following Adaptive Moving Average""]",Enter long when MAMA crosses above FAMA and short when MAMA crosses below FAMA.,The opposite adaptive-average crossover closes and reverses the position.,not implemented or not explicit,not implemented or not explicit,not implemented,Fixed contract quantity.,single-strategy position; no portfolio construction,Bar-based signal evaluation and market or stop orders using framework semantics.,"[""MAMA fast limit"", ""MAMA slow limit"", ""fixed quantity""]",Reverse between long and short according to the crossover of MESA adaptive and following adaptive moving averages.,No profitability claim relied upon.,No independently verified result used.,not present in strategy source,not present in strategy source,strategy-specific tests not identified,not identified,No obvious future-data access found in static review.,"[""Adaptive-average initialization and futures contract-roll handling must be reproduced.""]",No explicit martingale found.,5,5,4,5,stale but not archived,2021-04-06,167,38,Other / NOASSERTION,"Logic can be studied. Reuse, modification, redistribution, and commercial use require reviewing the stated or non-standard license terms.",FAM-MAMA-FAMA,
STRAT-0103,FAM-OU-RESIDUAL-PAIRS,OU Residual Pairs with Model-Confidence Gate,"[""Modified Pairs Trading""]",Statistical arbitrage,Regression residual Ornstein-Uhlenbeck spread,verified from executable source,vidalalcala/pairs-trading,https://github.com/vidalalcala/pairs-trading,PairsTrading.m,https://github.com/vidalalcala/pairs-trading/blob/fa9b59143d3a63b4dcc78976931a462f2b64a58b/PairsTrading.m,fa9b59143d3a63b4dcc78976931a462f2b64a58b,public GitHub repository source file,reviewed implementation; canonical origin not established,[],MATLAB,MATLAB,custom MATLAB backtest,"[""equities"", ""ETFs"", ""synthetic spreads""]","[""Pepsi and Coca-Cola sample""]","[""daily""]",paired long and short,"[""aligned adjusted prices for two assets""]",[],"[""63-day return regression"", ""cumulative residual process"", ""AR(1) OU fit"", ""equilibrium z-score"", ""reversion-time test"", ""residual autocorrelation test""]","Over a rolling 63-day window, regress asset 1 returns on asset 2, cumulate residuals, fit an AR(1)/OU process, and standardize the terminal residual process. Enter long spread below -2 or short spread above +2 only when estimated reversion time is below 30 days and residual autocorrelation passes the 95% bound.","Close when the score reverts beyond -0.5 for a long or below +0.5 for a short, or immediately when the model-confidence tests fail.",not implemented or not explicit,not implemented or not explicit,not implemented,Hold one unit of asset 1 and -beta units of asset 2. Residual capital is placed in the modeled money-market account.,Beta-hedged two-asset spread plus cash financing account.,Daily rolling parameter estimates use only the current and prior window. Orders are represented by end-of-window positions rather than a broker fill model.,"[""window 63"", ""entry score 2"", ""exit score 0.5"", ""max reversion time 30 days"", ""95% residual-correlation bound""]","Trade a beta-hedged pair only when a rolling OU residual model appears mean reverting, open beyond ±2 equilibrium deviations, and close near ±0.5 or on model failure.",No profitability claim relied upon.,No independently verified result used.,not modeled in the source,not modeled,strategy-specific tests not identified,Pairs_HistPrices.csv is included.,No obvious future-data access found in static review.,"[""Repeated model selection and fixed thresholds can overfit a single pair."", ""No transaction costs, borrow constraints, or legging model.""]",No explicit martingale found.,5,5,4,4,stale but not archived,2014-03-28,2,4,MIT,"Studying and internal experimentation are practical. Modification, redistribution, and commercial use must follow MIT terms.",FAM-OU-RESIDUAL-PAIRS,
STRAT-0104,FAM-FUNDING-RATE-CARRY,Positive Funding Long-Spot Short-Perpetual Carry,"[""FundingArbitrageStrategy""]",Crypto-specific,Funding-rate market-neutral carry,verified from executable source,sydowma/strategy_nautilus_trader,https://github.com/sydowma/strategy_nautilus_trader,bot/funding_arbitrage_strategy.py,https://github.com/sydowma/strategy_nautilus_trader/blob/ee0f35aa0b700be1a91165f9da8cc75021a85bc8/bot/funding_arbitrage_strategy.py,ee0f35aa0b700be1a91165f9da8cc75021a85bc8,public GitHub repository source file,reviewed implementation; canonical origin not established,[],Python,NautilusTrader,NautilusTrader,"[""cryptocurrency spot and perpetual futures"", ""spot and derivative combinations""]","[""BTCUSDT spot and perpetual example""]","[""bar-driven with funding timestamps""]",long spot and short perpetual,"[""spot and perpetual bars"", ""historical or live funding rates"", ""instrument precision and balances""]",[],"[""funding-rate entry threshold"", ""funding-rate exit threshold"", ""maximum holding duration""]","When the current positive funding rate is at least 0.0005, buy spot and short the perpetual using equal base-asset quantity and fixed USDT notional per leg.",Close both legs when funding falls below 0.0001 or the position has been held longer than 24 hours.,not implemented or not explicit,not implemented or not explicit,not implemented,Fixed USDT notional converted to equal base quantity for both legs.,Two-leg delta-offsetting spot/perpetual position.,Two independent market orders are submitted. Internal state is marked open before confirmed fills. Funding data is injected through a simulator or external feed.,"[""entry funding 0.0005"", ""exit funding 0.0001"", ""notional 1000 USDT per leg"", ""maximum 24 hours""]","Capture positive perpetual funding by holding equal-quantity long spot and short perpetual positions, and leave when funding decays or time expires.",No profitability claim relied upon.,No independently verified result used.,"Counters exist, but trading fees and basis costs are not fully applied to decisions.",not modeled,strategy-specific tests not identified,not identified,No obvious future-data access found in static review.,"[""Legs are not atomic, creating fill and directional risk."", ""Basis, borrowing, liquidation, and exchange failure risk are not modeled."", ""Simulated funding timestamps may differ from venue rules.""]",No explicit martingale found.,5,5,4,3,active,2026-06-27,0,0,Apache-2.0,"Studying and internal experimentation are practical. Modification, redistribution, and commercial use must follow Apache-2.0 terms.",FAM-FUNDING-RATE-CARRY,
STRAT-0105,FAM-HURST-VPIN,Hurst-Regime VPIN Directional Flow Strategy,"[""HurstVpinDirectional""]",Machine learning and adaptive strategies,Information-driven regime and order-flow signal,verified from executable source,nautechsystems/nautilus_trader,https://github.com/nautechsystems/nautilus_trader,crates/trading/src/examples/strategies/hurst_vpin_directional/strategy.rs,https://github.com/nautechsystems/nautilus_trader/blob/45dc7d83c3db4360a84bfb3da5d205b400dee669/crates/trading/src/examples/strategies/hurst_vpin_directional/strategy.rs,45dc7d83c3db4360a84bfb3da5d205b400dee669,public GitHub repository source file,reviewed implementation; canonical origin not established,"[""https://github.com/nautechsystems/nautilus_trader/blob/45dc7d83c3db4360a84bfb3da5d205b400dee669/crates/trading/src/examples/strategies/hurst_vpin_directional/config.rs""]",Rust,NautilusTrader,NautilusTrader Rust strategy API,"[""futures"", ""cryptocurrency"", ""equities"", ""forex""]",[],"[""dollar/value bars plus quote and trade ticks""]",long and short,"[""value bars"", ""quote ticks"", ""trade ticks with aggressor side""]",[],"[""rescaled-range Hurst exponent"", ""VPIN over volume buckets"", ""signed VPIN"", ""holding timeout""]","Estimate Hurst over 128 value-bar log returns using lags 4,8,16,32. Average VPIN over 50 completed volume buckets. Enter only when Hurst is at least 0.55 and VPIN at least 0.30; buy for positive signed VPIN and sell for negative signed VPIN.",Submit reduce-only market exits when Hurst falls below 0.50 or the position has been held for 3600 seconds.,not implemented or not explicit,not implemented or not explicit,not implemented,Fixed configured quantity.,single-strategy position; no portfolio construction,"IOC market entries and reduce-only exits are triggered from live quote, trade, and value-bar events. Order latches prevent overlapping submissions.","[""Hurst window 128"", ""lags 4/8/16/32"", ""Hurst entry 0.55"", ""Hurst exit 0.50"", ""VPIN window 50"", ""VPIN threshold 0.30"", ""timeout 3600 seconds""]","Trade signed informed-flow direction only in a persistent Hurst regime, then flatten on regime decay or a one-hour timeout.",No profitability claim relied upon.,No independently verified result used.,not present in strategy source,not present in strategy source,"Framework source includes strategy infrastructure and Rust test coverage, though strategy-specific result validation was not independently run.",not identified,No obvious future-data access found in static review.,"[""Aggressor-side classification and volume-bucket construction are venue dependent."", ""IOC market orders and microstructure signals require realistic latency and impact."", ""Hurst estimation can be noisy over short windows.""]",No explicit martingale found.,5,5,4,3,active,2026-08-30,28148,3645,LGPL-3.0,"Studying and internal experimentation are practical. Modification, redistribution, and commercial use must follow LGPL-3.0 terms.",FAM-HURST-VPIN,
STRAT-0106,FAM-MACD-RCI-BB,"MACD, Triple-RCI, and Bollinger Breakout Confluence","[""binary option test strategy""]",Trend and momentum,Multi-indicator breakout confluence,verified from executable source,GitHub Gist by Akihiro2030,https://gist.github.com/Akihiro2030/f19b698308492db87d95f496fab7252a,test_strategy.pine,https://gist.github.com/Akihiro2030/f19b698308492db87d95f496fab7252a,,public GitHub Gist source file,reviewed implementation; canonical origin not established,[],Pine Script,TradingView,Pine Script strategy engine,"[""equities"", ""futures"", ""forex"", ""cryptocurrency""]",[],"[""bar interval supplied by user""]",long and short,"[""OHLCV""]",[],"[""MACD(12,26,9)"", ""RCI(9)"", ""RCI(26)"", ""RCI(52)"", ""Bollinger Bands(20,2)""]","Enter long when MACD crosses above its signal, RCI(9)>80, RCI(26)>50, RCI(52)>0, and close is above the upper Bollinger Band. Enter short on the exact symmetric bearish conditions.","Close a long on the complete bearish setup and close a short on the complete bullish setup, effectively reversing when all opposite conditions align.",not implemented or not explicit,not implemented or not explicit,not implemented,Ten percent of equity per entry in the Gist strategy declaration.,single-strategy position; no portfolio construction,Bar-based signal evaluation and market or stop orders using framework semantics.,"[""MACD 12/26/9"", ""RCI 9/26/52"", ""RCI bullish 80/50/0"", ""BB 20 x 2"", ""10% equity""]","Require MACD, three RCI horizons, and a Bollinger breakout to agree before entering, and reverse only on full opposite confluence.",No profitability claim relied upon.,No independently verified result used.,not configured in the Gist,not configured,not identified,not included,No obvious future-data access found in static review.,"[""High-dimensional confluence can produce sparse samples and overfitting."", ""No protective stop or independent time exit.""]",No explicit martingale found.,5,5,4,5,stale but accessible,2023-07-02,0,0,No license found,"Study is practical. No license was found, so copying, modification, redistribution, and commercial reuse are not automatically permitted.",FAM-MACD-RCI-BB,
STRAT-0107,FAM-SUPERTREND-EMA-REGIME,Supertrend and EMA Regime Strategy with ATR Cooldown,[],Trend and momentum,Supertrend direction with EMA trend regime and ATR exit,verified from executable source,Justant-source/Bit-Mania,https://github.com/Justant-source/Bit-Mania,backtest/strategies/external/SupertrendStrategy.py,https://github.com/Justant-source/Bit-Mania/blob/f66f2ff51b2e041f2a17ac0acd6cf653f3bfc34e/backtest/strategies/external/SupertrendStrategy.py,f66f2ff51b2e041f2a17ac0acd6cf653f3bfc34e,public GitHub source file,reviewed implementation; canonical origin not established,[],Python,Jesse,Jesse strategy API,"[""cryptocurrency"", ""futures"", ""forex""]","[""configurable Jesse route""]","[""strategy route timeframe""]",long and short,"[""OHLCV bars"", ""account balance"", ""configured leverage""]",[],"[""Supertrend"", ""fast EMA"", ""slow EMA"", ""EMA200"", ""ATR(14)"", ""four-hour cooldown""]","Enter long only when the cooldown is inactive, Supertrend is bullish, the fast EMA is above the slow EMA, and price is above EMA200. Enter short on the symmetric bearish conditions.","Exit when the fast and slow EMAs reverse against the position or price moves adversely by the configured multiple of ATR(14). After an ATR-driven exit, block new entries for four hours.",Long initial stop is entry price × (1 - 0.70/leverage). The source does not create a symmetric initial short stop. Both sides also exit after an adverse ATR move.,not implemented,not implemented,"Use 95% of current balance multiplied by leverage, divided by current price.",single-strategy position; no portfolio construction,Jesse bar-close decision with framework market-order and position semantics.,"[""Supertrend length/multiplier"", ""fast EMA"", ""slow EMA"", ""EMA200"", ""ATR multiplier"", ""leverage"", ""4h cooldown""]","Trade only when Supertrend, short-term EMA direction, and EMA200 agree. Close on EMA reversal or an ATR loss, then wait four hours after an ATR exit.",No profitability claim relied upon.,No independently verified result used.,framework configuration dependent; not defined in the strategy file,framework configuration dependent,not identified,repository contains backtest integration files,No obvious future-data access found in static review.,"[""Asymmetric initial stop handling between long and short."", ""Parameters may be tuned to a narrow crypto sample.""]","No martingale found, but 95% balance multiplied by leverage can create high concentration.",5,5,3,4,active,2026-08-29,0,0,No license found,"Study is practical. No clear permissive license was found, so copying, modification, redistribution, and commercial reuse are not automatically permitted.",FAM-SUPERTREND-EMA-REGIME,The file implements a complete Jesse position lifecycle rather than only indicator signals.
STRAT-0108,FAM-EARNINGS-LONG-STRANGLE,Earnings-Window Long Strangle,[],Options strategies,Long call and put around an earnings window,verified from executable source,Lumiwealth/lumibot,https://github.com/Lumiwealth/lumibot,lumibot/example_strategies/strangle.py,https://github.com/Lumiwealth/lumibot/blob/c99491d3035b8db2df89f2afacb335c28a630360/lumibot/example_strategies/strangle.py,c99491d3035b8db2df89f2afacb335c28a630360,public GitHub source file,reviewed implementation; canonical origin not established,[],Python,Lumibot,Lumibot,"[""equity options"", ""equities""]","[""configurable US equity underlying""]","[""daily strategy iteration"", ""option expiries below configured maximum DTE""]",long volatility; long call and long put,"[""underlying prices"", ""option chain"", ""option expiries and strikes"", ""earnings calendar from yfinance""]","[""another point-in-time earnings calendar""]","[""days to earnings"", ""nearest OTM call"", ""nearest OTM put"", ""days to expiry"", ""underlying distance from reference""]","When the next earnings date is within the configured day threshold and fewer than the allowed number of strangles are open, select the nearest out-of-the-money call and put with less than the maximum DTE and buy both.","Exit both option legs when the underlying has moved far enough from the stored reference price or strikes to reach the configured profit-distance threshold, and flatten remaining positions near the strategy close.",No premium-loss stop is implemented.,Pair exits when the underlying-distance rule exceeds the configured threshold.,not implemented,"Portfolio value divided by twice the maximum concurrent trade count, allocated separately to each leg.",Hold up to the configured number of independent long-strangle pairs.,"The example explicitly sets IS_BACKTESTABLE=False and relies on current option-chain and earnings-calendar data. It is a live/example implementation, not a validated historical backtest.","[""earnings-day threshold"", ""maximum DTE"", ""maximum concurrent trades"", ""underlying move threshold""]","Before earnings, buy one OTM call and one OTM put with short DTE, allocate equal capital to both legs, and close the pair after a sufficiently large underlying move or at shutdown.",No profitability claim relied upon.,No independently verified result used.,broker and framework dependent; no explicit option commission in the file,not explicitly modeled,not identified,no historical option sample bundled,"Live earnings lookup is causal for live use, but the example is not backtestable as written.","[""Current earnings calendars are not point-in-time historical data."", ""Option liquidity and bid-ask spreads are not modeled.""]",No explicit martingale found.,4,4,2,3,active,2026-08-30,2013,383,GPL-3.0,Logic can be studied and modified. Redistribution and commercial use may be possible subject to the GPL source and notice obligations; review the repository license before reuse.,FAM-EARNINGS-LONG-STRANGLE,
STRAT-0109,FAM-CROSS-ASSET-MOMENTUM-ROTATION,Three-Asset Relative Momentum Rotation,[],Trend and momentum,Cross-asset relative momentum rotation,verified from executable source,Lumiwealth/lumibot,https://github.com/Lumiwealth/lumibot,lumibot/example_strategies/stock_momentum.py,https://github.com/Lumiwealth/lumibot/blob/c99491d3035b8db2df89f2afacb335c28a630360/lumibot/example_strategies/stock_momentum.py,c99491d3035b8db2df89f2afacb335c28a630360,public GitHub source file,reviewed implementation; canonical origin not established,[],Python,Lumibot,Lumibot,"[""ETFs"", ""multi-asset portfolios""]","[""SPY"", ""VEU"", ""AGG""]","[""daily bars"", ""rebalance every two days""]",long only,"[""daily adjusted prices for SPY, VEU, and AGG""]",[],"[""trailing total return"", ""cross-asset ranking""]","At each two-day iteration, calculate the configured lookback return for SPY, VEU, and AGG. Select the asset with the highest return. If it differs from the current holding, sell the old asset and buy the winner.","Exit occurs only when another asset becomes the highest-momentum candidate, at which point the current asset is sold and the portfolio rotates to the new winner.",not implemented,not implemented,not implemented,Invest available portfolio value in the selected winner.,One-of-three winner-take-all rotation.,Framework-defined bar or event execution; inspect source-specific assumptions.,"[""momentum lookback"", ""two-day iteration cadence""]","Repeatedly rank US equities, international equities, and bonds by trailing return and invest the portfolio in the single strongest asset until another asset takes the lead.",No profitability claim relied upon.,No independently verified result used.,broker/framework dependent; no explicit costs in the example,not explicitly modeled,not identified,not included,No explicit future-data use found; framework timing must be checked for signal and fill bar alignment.,"[""Only three hand-selected assets are considered."", ""Adjusted-price and dividend treatment depend on the data source.""]",No explicit martingale found.,5,5,4,5,active,2026-08-30,2013,383,GPL-3.0,Logic can be studied and modified. Redistribution and commercial use may be possible subject to the GPL source and notice obligations; review the repository license before reuse.,FAM-CROSS-ASSET-MOMENTUM-ROTATION,
STRAT-0110,FAM-DRIFT-REBALANCE,Threshold Drift Portfolio Rebalancer,[],Portfolio construction and allocation,Absolute or relative target-weight drift rebalancing,verified from executable source,Lumiwealth/lumibot,https://github.com/Lumiwealth/lumibot,lumibot/components/drift_rebalancer_logic.py,https://github.com/Lumiwealth/lumibot/blob/c99491d3035b8db2df89f2afacb335c28a630360/lumibot/components/drift_rebalancer_logic.py,c99491d3035b8db2df89f2afacb335c28a630360,public GitHub source file,reviewed implementation; canonical origin not established,[],Python,Lumibot,Lumibot drift rebalancer component,"[""equities"", ""ETFs"", ""multi-asset portfolios""]","[""configurable target-weight portfolio""]","[""daily or configured strategy cadence""]",long only or long and short depending on configuration,"[""current positions"", ""portfolio value"", ""latest asset prices"", ""target weights""]",[],"[""absolute drift"", ""relative drift"", ""target weights"", ""current weights""]","Compute current weights and absolute or relative drift from configured target weights. When any asset exceeds the drift threshold, create orders to move all assets toward their targets.","Positions are reduced, covered, or closed whenever their current weights exceed target weights or a target becomes zero. Rebalancing is complete after all sell/cover orders and then buy orders are submitted.",not applicable; risk is controlled through target weights and rebalance thresholds,not applicable,not implemented,Order quantities are derived from target portfolio values divided by asset prices and contract multipliers.,"Multi-asset target-weight portfolio; supports fractional quantities, shorting, and option multipliers when configured.",Sell and cover orders are placed before buys. Market or limit orders are supported; limit prices can include an acceptable-slippage offset.,"[""drift type"", ""drift threshold"", ""target weights"", ""acceptable slippage"", ""shorting and fractional-share settings""]","Compare current portfolio weights with targets and rebalance only after a configurable drift threshold is breached, executing reductions before purchases.",No profitability claim relied upon.,No independently verified result used.,no explicit commission model in the component,Limit-order mode offsets prices by the configured acceptable-slippage fraction.,"component has repository test coverage, although tests were not exhaustively reviewed",not included,No forecast or future-data access is required.,"[""Target weights are external inputs and can embed unrecorded discretion."", ""Limit orders may not fill in live markets.""]",No explicit martingale found.,5,5,4,5,active,2026-08-30,2013,383,GPL-3.0,Logic can be studied and modified. Redistribution and commercial use may be possible subject to the GPL source and notice obligations; review the repository license before reuse.,FAM-DRIFT-REBALANCE,
STRAT-0111,FAM-OCO-BRACKET-ENTRY,One-Shot Equity Entry with OCO Profit and Stop Orders,[],VWAP and execution-based strategies,OCO and bracket risk-managed entry,verified from executable source,Lumiwealth/lumibot,https://github.com/Lumiwealth/lumibot,lumibot/example_strategies/stock_oco.py,https://github.com/Lumiwealth/lumibot/blob/c99491d3035b8db2df89f2afacb335c28a630360/lumibot/example_strategies/stock_oco.py,c99491d3035b8db2df89f2afacb335c28a630360,public GitHub source file,reviewed implementation; canonical origin not established,"[""https://github.com/Lumiwealth/lumibot/blob/c99491d3035b8db2df89f2afacb335c28a630360/lumibot/example_strategies/stock_bracket.py""]",Python,Lumibot,Lumibot,"[""equities"", ""ETFs""]","[""SPY or configurable stock""]","[""single live or backtest entry event""]",long only,"[""current stock price""]",[],"[""market entry"", ""OCO order"", ""profit limit"", ""protective stop""]","On the first eligible iteration, buy the configured stock at market, then submit an OCO order containing a profit-taking limit and a protective stop. The related bracket example attaches equivalent exits to the entry order.",Whichever OCO child order fills first closes the position and cancels the other child: either the profit limit or the stop.,Protective stop price is configured relative to the entry or current price.,Profit-taking limit price is configured relative to the entry or current price.,not implemented,Fixed share quantity in the example.,Single position.,Market entry followed by broker-managed OCO children; the related bracket example submits the children with the entry.,"[""share quantity"", ""take-profit price or percentage"", ""stop price or percentage""]","Enter once, then manage the trade with mutually exclusive take-profit and stop-loss orders so one exit cancels the other.",No profitability claim relied upon.,No independently verified result used.,broker/framework dependent,market-entry slippage not explicitly modeled,not identified,not included,No future-data use found.,"[""This is an order-structure example rather than a predictive alpha signal."", ""Gap-through-stop execution can differ from the stop price.""]",No explicit martingale found.,5,5,4,5,active,2026-08-30,2013,383,GPL-3.0,Logic can be studied and modified. Redistribution and commercial use may be possible subject to the GPL source and notice obligations; review the repository license before reuse.,FAM-OCO-BRACKET-ENTRY,
STRAT-0112,FAM-MACD-MULTI-ASSET-ALLOC,Five-Stock MACD Allocation with Explicit Costs,[],Trend and momentum,Multi-asset MACD state allocation,verified from executable source,NeuralNine/youtube-tutorials,https://github.com/NeuralNine/youtube-tutorials,Zipline Backtesting/10_with_transaction_cost.py,https://github.com/NeuralNine/youtube-tutorials/blob/679851f59244957b5cd9c84b2ece61a9bab5af27/Zipline%20Backtesting/10_with_transaction_cost.py,679851f59244957b5cd9c84b2ece61a9bab5af27,public GitHub source file,reviewed implementation; canonical origin not established,"[""https://github.com/NeuralNine/youtube-tutorials/blob/679851f59244957b5cd9c84b2ece61a9bab5af27/Zipline%20Backtesting/9_multi_symbol_strategy.py""]",Python,Zipline,Zipline,"[""equities"", ""multi-asset portfolios""]","[""AAPL"", ""META"", ""GOOG"", ""NVDA"", ""TSLA""]","[""daily bars""]",long only,"[""daily equity prices""]",[],"[""MACD(12,26,9)"", ""50-bar history"", ""target portfolio weights""]","For AAPL, META, GOOG, NVDA, and TSLA, calculate MACD(12,26,9) from the trailing 50 daily closes. Target 19% portfolio weight in an asset when MACD is above its signal line and zero weight when it is below.",Reduce an asset to zero whenever its MACD falls below the signal line. There is no separate stop or take-profit.,not implemented,not implemented,not implemented,"Target 19% of portfolio value per bullish asset, leaving at least 5% unallocated when all five are held.",Independent binary MACD allocations across five named equities.,Zipline target-percent orders with maximum leverage set to one.,"[""MACD 12/26/9"", ""50-bar history"", ""19% target weight""]","Allocate up to 19% to each of five stocks while its MACD is bullish, otherwise hold no position in that stock.",No profitability claim relied upon.,No independently verified result used.,Per-share commission of 0.001 and fixed-spread slippage of 0.01 are configured.,Fixed spread slippage model of 0.01.,not identified,uses Zipline data bundle rather than bundled sample data,No explicit future-data access found; daily order timing follows Zipline event semantics.,"[""Fixed hand-selected technology-heavy universe."", ""Corporate actions and survivorship depend on the Zipline bundle.""]",No explicit martingale found.,5,5,4,5,active,,728,264,No license found,"Study is practical. No clear permissive license was found, so copying, modification, redistribution, and commercial reuse are not automatically permitted.",FAM-MACD-MULTI-ASSET-ALLOC,
STRAT-0113,FAM-RSI-THRESHOLD-REV,Lagged Daily RSI Reversion with Next-Open Execution,[],Mean reversion,Daily RSI threshold reversal,verified from executable source,stefan-jansen/machine-learning-for-trading,https://github.com/stefan-jansen/machine-learning-for-trading,16_strategy_simulation/03_single_asset_vectorbt.py,https://github.com/stefan-jansen/machine-learning-for-trading/blob/7361081f058b7f3dd91ed6e69cce15ee0b6a8ec7/16_strategy_simulation/03_single_asset_vectorbt.py,7361081f058b7f3dd91ed6e69cce15ee0b6a8ec7,public GitHub source file,reviewed implementation; canonical origin not established,[],Python,vectorbt,vectorbt,"[""cryptocurrency""]","[""BTCUSDT""]","[""daily bars""]",long only,"[""daily BTCUSDT OHLCV""]",[],"[""RSI(14)"", ""one-bar signal lag"", ""next-open execution""]",Enter long BTCUSDT at the next UTC-day open when the previous daily RSI(14) is below 30.,Exit at the next UTC-day open when the previous daily RSI(14) is above 70.,not implemented,RSI above 70 acts as the profit or regime exit.,not implemented,Use 95% of available capital per position.,Single-asset strategy.,Signals are shifted one day and fills use the next UTC-day open.,"[""RSI length 14"", ""entry 30"", ""exit 70"", ""95% capital""]",Buy at the next open after daily RSI becomes oversold and exit at the next open after it becomes overbought.,No profitability claim relied upon.,No independently verified result used.,0.1% fee per transaction.,0.05% slippage per transaction.,not identified,source downloads or loads BTCUSDT history,The explicit one-day signal shift materially reduces same-bar lookahead risk.,"[""Single crypto asset and one historical sample."", ""No protective stop during extended downtrends.""]",No explicit martingale found.,5,5,4,5,active,2026-08-30,20737,5574,MIT,"Logic can be studied, modified, redistributed, and used commercially under the MIT terms; preserve the copyright and license notice. This is a practical reuse note, not legal advice.",FAM-RSI-THRESHOLD-REV,
STRAT-0114,FAM-MULTI-SUPERTREND,Causal Multi-Timeframe Supertrend Consensus,[],Trend and momentum,Completed-bar multi-timeframe Supertrend consensus,verified from executable source,sushant1827/Trading_Strategies,https://github.com/sushant1827/Trading_Strategies,Multitime_Supertrend.py,https://github.com/sushant1827/Trading_Strategies/blob/d5562434a4e35687463e1a052b2c40d07692656b/Multitime_Supertrend.py,d5562434a4e35687463e1a052b2c40d07692656b,public GitHub source file,reviewed implementation; canonical origin not established,[],Python,custom Python backtest,pandas / custom backtest,"[""equities"", ""indices"", ""futures"", ""cryptocurrency""]","[""configurable OHLCV instrument""]","[""H1 / daily / weekly preset"", ""daily / weekly / monthly preset""]",long and short,"[""OHLCV at a base timeframe""]",[],"[""Supertrend on three timeframes"", ""completed higher-timeframe alignment"", ""consensus state""]","Create Supertrend states on three configured timeframes, using only completed higher-timeframe bars that are right-aligned and forward-filled to the base timeline. Enter long when all three states turn bullish and short when all turn bearish.","Exit when full consensus breaks. Shift entry and exit signals one base bar when the regime persists, and force a final exit at the data end.",No independent price stop beyond loss of consensus.,not implemented,not implemented,All-in or effectively unlimited source position size through np.inf; exact cash conversion depends on the backtest helper.,Single instrument.,Signals are shifted to the following base bar. A fixed fee is applied per order.,"[""three timeframe definitions"", ""Supertrend period and multiplier per timeframe"", ""fixed fee""]","Trade only when three completed timeframes agree on Supertrend direction, execute on the next base bar, and flatten as soon as consensus breaks.",No profitability claim relied upon.,No independently verified result used.,Fixed fee of 125 per transaction in the source.,not explicitly modeled,not identified,expects local market data files,"The source deliberately uses completed higher-timeframe bars and shifts signals, so no obvious higher-timeframe lookahead was found.","[""All-in sizing can dominate results."", ""Optimization is performed on a training segment, but the validation design is limited.""]","No averaging scheme, but all-in sizing creates concentration risk.",5,5,3,5,active,2026-08-30,9,9,No license found,"Study is practical. No clear permissive license was found, so copying, modification, redistribution, and commercial reuse are not automatically permitted.",FAM-MULTI-SUPERTREND,
STRAT-0115,FAM-IRON-CONDOR,Bank Nifty First-Hour Range Iron Condor,[],Options strategies,First-hour range short iron condor,verified from executable source,sushant1827/Trading_Strategies,https://github.com/sushant1827/Trading_Strategies,60Mins_Range_IronCondor_BnF.py,https://github.com/sushant1827/Trading_Strategies/blob/d5562434a4e35687463e1a052b2c40d07692656b/60Mins_Range_IronCondor_BnF.py,d5562434a4e35687463e1a052b2c40d07692656b,public GitHub source file,reviewed implementation; canonical origin not established,[],Python,custom Python options backtest,pandas / custom options engine,"[""equity index options"", ""equity indices""]","[""BANKNIFTY options"", ""India VIX""]","[""intraday minute data"", ""09:15-14:45 India time""]",short volatility with defined-risk wings,"[""Bank Nifty spot or futures minutes"", ""complete option-chain minutes"", ""India VIX"", ""expiry calendar""]",[],"[""first-hour high and low"", ""100-point strike rounding"", ""500-point wings"", ""VIX filter"", ""leg-level premium stops"", ""portfolio MTM""]","At 10:15, after measuring the Bank Nifty 09:15-10:15 range, sell a call near the rounded range high and sell a put near the rounded range low. Buy call and put wings 500 points farther out. Skip the day when opening VIX exceeds 17.","Stop an individual short leg when its premium reaches 1.4 times entry; after one leg stops, move the other leg stop to breakeven. Close all legs if total MTM reaches -14,500 or at 14:45.","Short-leg stop at 1.4 × entry premium; remaining short stop moves to entry after the other leg stops; total MTM stop -14,500.",No fixed portfolio profit target.,not implemented,Fixed lot quantity of 90 in the reviewed configuration.,"Four-leg iron condor: short call, long higher-strike call, short put, long lower-strike put.",Enter at 10:15 and exit no later than 14:45 using minute option data. Same-minute stop ordering depends on source loop semantics.,"[""first hour 09:15-10:15"", ""VIX 17"", ""wing width 500"", ""leg stop 1.4x"", ""MTM stop -14500"", ""lot 90""]","Use the first trading hour to define short strikes, buy fixed-distance wings, skip high-VIX days, and manage each short leg plus a portfolio MTM stop before a mandatory afternoon exit.",No profitability claim relied upon.,No independently verified result used.,"Models brokerage, exchange charges, taxes, and other Indian transaction costs.",Explicit entry and exit slippage is included in the backtest calculations.,not identified,local option datasets required,"No deliberate future-bar use found, but intraminute strike selection and stop fills require careful timestamp alignment.","[""Option-chain survivorship and missing quotes can alter results."", ""Stops assume minute-bar executable prices and ordering.""]","No martingale; long wings cap expiry risk, although intraday gap and liquidity risk remain.",5,5,3,4,active,2026-08-30,9,9,No license found,"Study is practical. No clear permissive license was found, so copying, modification, redistribution, and commercial reuse are not automatically permitted.",FAM-IRON-CONDOR,
STRAT-0116,FAM-FIRST-HOUR-SHORT-STRANGLE,Bank Nifty First-Hour Range Short Strangle,[],Options strategies,First-hour range uncovered short strangle,verified from executable source,sushant1827/Trading_Strategies,https://github.com/sushant1827/Trading_Strategies,60Mins_Range_Strangle_BnF.py,https://github.com/sushant1827/Trading_Strategies/blob/d5562434a4e35687463e1a052b2c40d07692656b/60Mins_Range_Strangle_BnF.py,d5562434a4e35687463e1a052b2c40d07692656b,public GitHub source file,reviewed implementation; canonical origin not established,[],Python,custom Python options backtest,pandas / custom options engine,"[""equity index options"", ""equity indices""]","[""BANKNIFTY options"", ""India VIX""]","[""intraday minute data"", ""09:15-14:45 India time""]",short volatility,"[""Bank Nifty minute prices"", ""option-chain minute prices"", ""India VIX"", ""expiry calendar""]",[],"[""first-hour high and low"", ""strike rounding"", ""VIX filter"", ""premium stop"", ""portfolio MTM""]","At 10:15, sell a call near the rounded first-hour high and a put near the rounded first-hour low. Skip days when opening VIX exceeds 17.","Stop a short leg when its premium reaches 1.4 times entry, move the surviving leg stop to breakeven, close both if portfolio MTM falls to -4,000, and flatten at 14:45.","Each short leg stops at 1.4 × entry premium; surviving leg moves to breakeven; portfolio MTM stop -4,000.",No fixed profit target.,not implemented,Fixed lot quantity of 30 in the reviewed configuration.,Two uncovered short option legs.,Enter at 10:15 and exit by 14:45 using minute data.,"[""first hour"", ""VIX 17"", ""1.4x premium stop"", ""MTM stop -4000"", ""lot 30""]","Sell an uncovered call and put outside the first-hour range on low-VIX days, protect each premium with a stop and the pair with an MTM stop, and close before the session ends.",No profitability claim relied upon.,No independently verified result used.,Models detailed Indian option transaction charges.,Explicit slippage included.,not identified,local option datasets required,No deliberate future-bar use found; same-minute stop and quote sequencing remain implementation sensitive.,"[""Uncovered short-tail risk can exceed bar-based stops during gaps."", ""Option data quality and survivorship are material.""]","No martingale, but the short strangle has uncapped tail exposure between observed bars.",5,5,3,4,active,2026-08-30,9,9,No license found,"Study is practical. No clear permissive license was found, so copying, modification, redistribution, and commercial reuse are not automatically permitted.",FAM-FIRST-HOUR-SHORT-STRANGLE,
STRAT-0117,FAM-52W-HIGH-MA-BREAKOUT,52-Week High Breakout with Moving-Average Alignment,[],Trend and momentum,Annual high breakout with stacked moving averages,verified from executable source,sushant1827/Trading_Strategies,https://github.com/sushant1827/Trading_Strategies,52-Week_High_Breakout.py,https://github.com/sushant1827/Trading_Strategies/blob/d5562434a4e35687463e1a052b2c40d07692656b/52-Week_High_Breakout.py,d5562434a4e35687463e1a052b2c40d07692656b,public GitHub source file,reviewed implementation; canonical origin not established,[],Python,custom Python backtest,pandas / custom backtest,"[""equities""]","[""Nifty 50 constituents or configurable equities""]","[""daily bars""]",long only,"[""daily equity OHLCV"", ""point-in-time universe for unbiased testing""]",[],"[""prior 252-day high"", ""SMA10"", ""SMA20"", ""SMA50"", ""SMA100""]","Enter long at the close when the close exceeds the previous 252-session high and price is above a bullish stack of SMA10, SMA20, SMA50, and SMA100.",Exit at the close when price falls below SMA20.,SMA20 close acts as the dynamic exit; no gap-aware hard stop.,not implemented,not implemented,not explicit in the source strategy logic,Applied independently to equities; portfolio capacity rules are not explicit.,Signals and fills use daily closes in the reviewed code.,"[""252 sessions"", ""SMA 10/20/50/100""]",Buy a fresh 52-week closing breakout only in a fully aligned moving-average uptrend and hold until the close loses SMA20.,No profitability claim relied upon.,No independently verified result used.,not modeled,not modeled,not identified,local Nifty data expected,"Prior 252-day high excludes the current bar, reducing breakout lookahead.","[""Current Nifty constituent lists can introduce survivorship bias."", ""Close-signal and close-fill assumptions can be optimistic.""]",No explicit martingale found.,4,5,3,5,active,2026-08-30,9,9,No license found,"Study is practical. No clear permissive license was found, so copying, modification, redistribution, and commercial reuse are not automatically permitted.",FAM-52W-HIGH-MA-BREAKOUT,
STRAT-0118,FAM-ETF-SIP-AVERAGE-DOWN,Weekly ETF SIP with Drawdown-Scaled Averaging and Profit Booking,[],Portfolio construction and allocation,Periodic investment with drawdown scaling and profit extraction,verified from executable source,sushant1827/Trading_Strategies,https://github.com/sushant1827/Trading_Strategies,ETF_SIP_With_Profit_Booking.py,https://github.com/sushant1827/Trading_Strategies/blob/d5562434a4e35687463e1a052b2c40d07692656b/ETF_SIP_With_Profit_Booking.py,d5562434a4e35687463e1a052b2c40d07692656b,public GitHub source file,reviewed implementation; canonical origin not established,[],Python,custom Python backtest,pandas / custom backtest,"[""ETFs"", ""equities""]","[""configurable ETF""]","[""daily bars"", ""weekly Monday contribution""]",long only,"[""daily ETF OHLC"", ""calendar""]",[],"[""weekly SIP schedule"", ""drawdown from reference"", ""average cost"", ""profit-booking threshold""]","Invest the base SIP amount every Monday. If price is at least 1% below the reference level, invest an additional amount that increases by 500 for each further 0.5% decline.","When portfolio gain relative to average cost exceeds the configured profit-booking threshold, sell the value above that threshold while leaving one share and recycle the realized profit into available cash.",No loss stop; the system explicitly averages down.,"Book the portfolio value above the configured gain threshold, retaining one share.",not implemented,"Base 500 weekly, 1,000 after a 1% decline, plus 500 for each additional 0.5% decline in the reviewed defaults.",Single ETF with cash recycling.,"The source uses the day low to determine additional drawdown buys, creating a potential same-day information problem.","[""Monday schedule"", ""base amount 500"", ""1% first drawdown"", ""0.5% step"", ""500 step amount"", ""profit threshold""]","Make a base weekly investment, add progressively more after drawdowns, and periodically harvest gains above a target while retaining a residual position.",No profitability claim relied upon.,No independently verified result used.,not modeled,not modeled,not identified,not included,Using the completed daily low to size a purchase on that same date can introduce lookahead unless execution is delayed.,"[""Cash is allowed to become negative in parts of the implementation."", ""Averaging parameters can be overfit.""]",Averaging size rises as price falls and no explicit exposure or cash floor is enforced; risk can become unbounded.,4,4,2,4,active,2026-08-30,9,9,No license found,"Study is practical. No clear permissive license was found, so copying, modification, redistribution, and commercial reuse are not automatically permitted.",FAM-ETF-SIP-AVERAGE-DOWN,
STRAT-0119,FAM-ETF-DRAWDOWN-ROTATION,ETFShop Low-from-52-Week-High Rotation with Lot Averaging,[],Portfolio construction and allocation,ETF relative drawdown ranking and staged averaging,verified from executable source,sushant1827/Trading_Strategies,https://github.com/sushant1827/Trading_Strategies,ETFShop2025 Packaged.py,https://github.com/sushant1827/Trading_Strategies/blob/d5562434a4e35687463e1a052b2c40d07692656b/ETFShop2025%20Packaged.py,d5562434a4e35687463e1a052b2c40d07692656b,public GitHub source file,reviewed implementation; canonical origin not established,[],Python,custom Python backtest,pandas / custom portfolio engine,"[""ETFs"", ""multi-asset portfolios""]","[""configurable Indian ETF universe""]","[""daily bars""]",long only,"[""daily ETF OHLCV"", ""point-in-time ETF universe""]",[],"[""distance above 52-week low"", ""top-ten ranking"", ""latest-lot drawdown"", ""weighted cost basis""]","Rank ETFs by their position above the trailing 52-week low and retain the ten closest to that low. Buy one new eligible ETF per day using either a static amount or a portfolio-divisor allocation. If all top-ten ETFs are already held, add to the held ETF whose latest lot has declined the most, provided the decline is at least 3.14%.",Exit an ETF when current price reaches the weighted average cost multiplied by one plus the configured profit target.,No loss stop.,Sell the full holding at weighted average cost × (1 + target profit).,not implemented,Static purchase amount or portfolio-value divisor; only one new purchase is made per day.,"Up to ten ranked ETFs, with repeated lots and weighted cost tracking.",Daily close or source-selected daily price; the data loader is a placeholder and must be supplied.,"[""52-week low window"", ""top 10"", ""3.14% averaging trigger"", ""profit target"", ""portfolio divisor"", ""₹40 lot commission""]","Rotate into ETFs nearest their annual lows, spread purchases across days, average down the weakest qualifying held lot, and sell at a target gain over weighted cost.",No profitability claim relied upon.,No independently verified result used.,₹40 commission per lot is included.,Optional slippage parameter exists; reviewed default is zero.,not identified,data loader is not implemented in the public file,Same-day ranking and execution prices require a one-bar delay for a conservative backtest.,"[""Universe and delisting treatment are unspecified."", ""The public file contains a restrictive source notice and an unimplemented data loader.""]","Averages down after declines. Portfolio and one-purchase-per-day constraints limit cadence, but no hard per-ETF loss cap is explicit.",4,4,1,4,active,2026-08-30,9,9,Proprietary or restrictive source notice,Public visibility does not override the restrictive source notice. Treat this as logic-study material only unless the rights holder grants broader permission.,FAM-ETF-DRAWDOWN-ROTATION,Cataloged for logic study. The source header restricts unauthorized use or redistribution.
STRAT-0120,FAM-MA-CROSS,C++ Next-Open SMA Crossover Reversal,[],Trend and momentum,Moving-average crossover with next-bar reversal,verified from executable source,aachen-investment-club/backtest-cpp,https://github.com/aachen-investment-club/backtest-cpp,strategies/SMACrossover.cpp,https://github.com/aachen-investment-club/backtest-cpp/blob/d37d1861ddcd28d52f73ac65f583afc9c6405617/strategies/SMACrossover.cpp,d37d1861ddcd28d52f73ac65f583afc9c6405617,public GitHub source file,reviewed implementation; canonical origin not established,[],C++,custom C++ backtest,backtest-cpp,"[""futures"", ""equities""]","[""NQ futures example"", ""configurable bar series""]","[""source-configured bars""]",long and short,"[""OHLC bars""]",[],"[""short SMA"", ""long SMA"", ""crossover state""]","When the short SMA crosses above the long SMA, target a long position. When it crosses below, target a short position. Order size is the floor of maximum investable value divided by the next bar open.",An opposite crossover closes and reverses the position. Any remaining position is liquidated at the end of the test.,not implemented,not implemented,not implemented,floor(maximum investable amount / current open price),Single instrument; maximum leverage one in the example runner.,Signal is queued and filled at the next bar open; final liquidation is explicit.,"[""short SMA 10 example"", ""long SMA 30 example"", ""maximum investment"", ""commission 2.7""]","Trade the sign of a short-versus-long SMA crossover, execute at the next bar open, and reverse on the opposite crossover.",No profitability claim relied upon.,No independently verified result used.,Commission of 2.7 per order in the example.,not explicitly modeled,repository contains strategy and engine tests/examples,example market data loader required,Next-bar-open execution avoids same-bar close fills.,"[""No stop or volatility sizing."", ""Continuous futures construction is external to the strategy.""]",No explicit martingale found.,5,5,4,5,active,,10,0,No license found,"Study is practical. No clear permissive license was found, so copying, modification, redistribution, and commercial reuse are not automatically permitted.",FAM-MA-CROSS,
STRAT-0121,FAM-RANGE-BREAKOUT-PULLBACK,Range Breakout Pullback with Adaptive ATR Risk,[],Breakout and session strategies,"Range breakout, pullback, and resumption",verified from executable source,alexpsym/CODEX,https://github.com/alexpsym/CODEX,forex-tester-6/RangeBreakoutPullbackStrategy/RangeBreakoutPullbackStrategy.cpp,https://github.com/alexpsym/CODEX/blob/e12edbd2fe933f8442112b031942c9a9671024e6/forex-tester-6/RangeBreakoutPullbackStrategy/RangeBreakoutPullbackStrategy.cpp,e12edbd2fe933f8442112b031942c9a9671024e6,public GitHub source file,reviewed implementation; canonical origin not established,[],C++,Forex Tester 6,Forex Tester strategy API,"[""forex"", ""CFDs"", ""futures""]","[""configurable Forex Tester symbol""]","[""strategy bar timeframe"", ""optional M15 and H4 filters""]",long and short,"[""OHLC bars"", ""spread or execution prices"", ""calendar time""]",[],"[""pivot-cluster range"", ""range reactions"", ""ATR breakout buffer"", ""pullback retracement"", ""breakout impulse"", ""M15 EMA50/200"", ""H4 EMA10/30"", ""ATR percentile regime""]","Detect a mature horizontal range from clustered pivot reactions and minimum height/duration. After price breaks beyond the range by an ATR buffer, wait for a bounded pullback and enter when price resumes in the breakout direction. An optional impulse mode can enter a sufficiently large ATR-normalized breakout directly.",Positions close through the attached stop or target. New trades are blocked while a position is open and during the configured FX weekend blackout.,"Fixed ATR or adaptive ATR-percentile stop, depending on configuration.",Default target is two times initial stop risk.,not implemented,Fixed lot size in the reviewed source.,One position at a time; pyramiding disabled.,Uses closed bars for state transitions and sends an immediate Forex Tester order with attached stop and target.,"[""range reactions/height/duration"", ""ATR buffer"", ""pullback depth"", ""adaptive ATR percentile"", ""2R target"", ""M15/H4 filters"", ""weekend blackout""]","Find a well-tested range, require an ATR-buffered breakout, buy or short the first valid pullback resumption, and use adaptive ATR risk with a two-R target.",No profitability claim relied upon.,No independently verified result used.,Forex Tester spread and environment dependent; no separate commission logic identified.,execution engine dependent,not identified,requires Forex Tester data,The state machine deliberately evaluates completed bars; no obvious future-bar access found.,"[""Pivot and range definitions contain many tunable parameters."", ""FX weekend and spread behavior may differ by broker.""]",No explicit martingale found.,5,5,3,5,active,,0,0,No license found,"Study is practical. No clear permissive license was found, so copying, modification, redistribution, and commercial reuse are not automatically permitted.",FAM-RANGE-BREAKOUT-PULLBACK,
STRAT-0122,FAM-EXTREMUM-REVERSAL,Tick Extremum Threshold Reversal,[],Trend and momentum,Running-extremum swing reversal,verified from executable source,jarthod/backtest,https://github.com/jarthod/backtest,strategies/simple_pips_diff_trigger.cpp,https://github.com/jarthod/backtest/blob/72536ab49048231e50f1fed7225a3b84200a3dcd/strategies/simple_pips_diff_trigger.cpp,72536ab49048231e50f1fed7225a3b84200a3dcd,public GitHub source file,reviewed implementation; canonical origin not established,[],C++,custom Bitcoin backtest,custom tick backtester,"[""cryptocurrency spot""]","[""BTC/USD on Kraken in the original project""]","[""tick data""]",long and short,"[""bid ticks"", ""ask ticks"", ""timestamps""]",[],"[""running minimum ask"", ""running maximum bid"", ""fixed reversal threshold""]","Track the running minimum ask and maximum bid. Buy when ask rises by the trigger amount above the running minimum, closing any short first. Sell short when bid falls by the trigger amount below the running maximum, closing any long first. Reset the relevant extremum after reversal.","A position exits only when the opposite extremum-reversal condition fires, which simultaneously reverses direction.",No independent stop.,No independent target.,not implemented,Default one lot.,One long or one short position at a time.,Longs open at ask and close at bid; shorts open at bid and close at ask.,"[""absolute trigger distance"", ""one-lot default"", ""0.26% fee""]",Reverse long after price rebounds a fixed amount from the running trough and reverse short after it falls a fixed amount from the running peak.,No profitability claim relied upon.,No independently verified result used.,Kraken base taker fee of 0.26% is embedded in the engine.,Bid-ask spread is modeled through side-specific fills; additional market impact is not.,circular-buffer test present; strategy-specific test not identified,small project expects tick input,Tick processing is causal.,"[""Fixed absolute trigger is not volatility normalized."", ""No liquidation of an open final position is visible in the strategy file.""]",No explicit martingale found.,4,5,4,5,archived,2016-01-26,14,13,MIT,"Logic can be studied, modified, redistributed, and used commercially under the MIT terms; preserve the copyright and license notice. This is a practical reuse note, not legal advice.",FAM-EXTREMUM-REVERSAL,
STRAT-0123,FAM-PREDICTION-TWO-LEG-ARB,Two-Leg Maker Arbitrage with Orphan Rescue,[],Arbitrage,YES and NO combined-price arbitrage,verified from executable source,mbordash/DRADIS,https://github.com/mbordash/DRADIS,src/vipers/arbitrage_impl.rs,https://github.com/mbordash/DRADIS/blob/ea43f9b27f0c14c7cc697f73037726c7a09e6a66/src/vipers/arbitrage_impl.rs,ea43f9b27f0c14c7cc697f73037726c7a09e6a66,public GitHub source file,reviewed implementation; canonical origin not established,[],Rust,Polymarket-compatible prediction markets,DRADIS custom event-driven engine,"[""prediction markets"", ""cryptocurrency-linked event contracts""]","[""BTC up/down event markets""]","[""real-time order-book and oracle events""]",long and short,"[""YES and NO order books"", ""market metadata"", ""fee schedule"", ""collateral"", ""market close time""]",[],"[""combined YES+NO cost"", ""maker fees"", ""taker exit fees"", ""book depth"", ""spread"", ""quote persistence"", ""fill-gap rescue"", ""collateral and exposure gates""]","When the combined executable YES and NO prices plus fees leave a positive settlement edge, submit equal-share post-only GTC bids on both legs. Require sufficient liquidity, acceptable spreads, quote persistence, collateral, bounded fill-gap rescue cost, exposure limits, and re-entry controls. The more expensive leg is submitted first to reduce orphan risk.","If both legs fill, submit combined FAK exits when their bids cover exit fees and the configured profit threshold; otherwise hold toward settlement. If only one leg fills, attempt the paired rescue within cost limits or flatten the orphaned leg.",Orphan legs are rescued or flattened when the second leg cannot be obtained within the allowed cost.,Combined-leg exit requires bids to cover fees and the configured arbitrage profit.,not implemented,"Equal shares on both legs, bounded by collateral and strategy exposure limits.",Paired market-neutral YES and NO inventory within one event market.,Post-only GTC maker bids for entry; FAK orders for exits and emergency orphan handling.,"[""minimum net edge"", ""quote persistence"", ""maximum fill gap"", ""rescue-cost cap"", ""exposure cap"", ""fee schedule""]","Buy equal YES and NO shares only when their all-in cost is below guaranteed settlement value, manage partial-fill risk explicitly, and exit the pair when the combined bid captures the edge or at settlement.",No profitability claim relied upon.,No independently verified result used.,Dynamic market fee bps and exit fees are included in edge checks.,"Uses current order-book prices and fill-or-kill logic, but queue position and latency are not fully simulated.",repository includes unit and integration tests for several strategy components,live data adapters and ghost-mode facilities are present,No future event result is used in the decision logic.,"[""Realized profitability depends on queue priority and simultaneous-leg fill probability."", ""Settlement and token redemption operations remain external.""]",No martingale; paired exposure and orphan rescue are bounded by explicit limits.,5,5,3,4,active,2026-08-30,23,9,AGPL-3.0,"Logic can be studied and modified. Network use, redistribution, and commercial deployment may trigger AGPL source-sharing and notice obligations; review the license before reuse.",FAM-PREDICTION-TWO-LEG-ARB,
STRAT-0124,FAM-PREDICTION-INVENTORY-MM,Inventory-Aware Two-Sided Prediction Market Maker,[],Market making and liquidity,Two-sided quoting with inventory skew,verified from executable source,mbordash/DRADIS,https://github.com/mbordash/DRADIS,src/vipers/maker_impl.rs,https://github.com/mbordash/DRADIS/blob/ea43f9b27f0c14c7cc697f73037726c7a09e6a66/src/vipers/maker_impl.rs,ea43f9b27f0c14c7cc697f73037726c7a09e6a66,public GitHub source file,reviewed implementation; canonical origin not established,[],Rust,Polymarket-compatible prediction markets,DRADIS custom event-driven engine,"[""prediction markets"", ""cryptocurrency-linked event contracts""]","[""BTC up/down event markets""]","[""real-time order-book and oracle events""]",long and short,"[""YES and NO order books"", ""market metadata"", ""fee schedule"", ""collateral"", ""market close time""]",[],"[""YES/NO best bid and ask"", ""inventory skew"", ""oracle velocity"", ""order-book imbalance"", ""spread"", ""expiry"", ""adverse-selection gates"", ""maker edge""]","Quote passive YES and NO bids below the corresponding asks, improving the best bid only when the net maker edge survives fees and buffers. Skew quotes and sizes away from accumulated inventory, and block quotes under stale, toxic, fast-moving, illiquid, near-expiry, or overexposed conditions.","Offer held inventory through passive maker asks when target edge is available. Pull or reduce quotes when oracle velocity, adverse order-book imbalance, expiry, or toxicity gates trigger. Use forced FAK exits near expiry and explicit take-profit, stop-loss, and catastrophic-loss branches.",Position-level stop-loss and catastrophic-loss exits are implemented; forced expiry exit also exists.,Maker ask or forced exit when the configured profit edge is available.,not implemented,"Quote sizes are adjusted by inventory, available collateral, and strategy exposure limits.",Maintains bounded YES and NO inventory across the target event market.,Post-only GTC quotes with cancellations and re-quotes; FAK for forced exits.,"[""quote edge"", ""ask buffer"", ""inventory skew"", ""OBI gates"", ""velocity gates"", ""expiry window"", ""TP/SL"", ""max exposure""]","Continuously quote both outcomes at fee-adjusted prices, skew quotes against inventory, withdraw during toxic conditions, and unwind inventory through maker asks or forced exits.",No profitability claim relied upon.,No independently verified result used.,Fee bps are included in quote and exit decisions.,"Limit prices use live book data; queue, cancel latency, and adverse selection remain material.",repository includes unit and integration tests for several strategy components,live data adapters and ghost-mode facilities are present,No future-data use found.,"[""Backtests without queue and latency simulation would substantially overstate maker fills."", ""Ghost-mode behavior requires separate validation.""]","No martingale; inventory is bounded, although both-sided exposure can accumulate before exits.",5,4,3,3,active,2026-08-30,23,9,AGPL-3.0,"Logic can be studied and modified. Network use, redistribution, and commercial deployment may trigger AGPL source-sharing and notice obligations; review the license before reuse.",FAM-PREDICTION-INVENTORY-MM,
STRAT-0125,FAM-PREDICTION-ORACLE-MOMENTUM,Oracle and Derivatives Momentum Prediction Strategy,[],Trend and momentum,Directional event-contract momentum,verified from executable source,mbordash/DRADIS,https://github.com/mbordash/DRADIS,src/vipers/momentum_impl.rs,https://github.com/mbordash/DRADIS/blob/ea43f9b27f0c14c7cc697f73037726c7a09e6a66/src/vipers/momentum_impl.rs,ea43f9b27f0c14c7cc697f73037726c7a09e6a66,public GitHub source file,reviewed implementation; canonical origin not established,[],Rust,Polymarket-compatible prediction markets,DRADIS custom event-driven engine,"[""prediction markets"", ""cryptocurrency-linked event contracts""]","[""BTC up/down event markets""]","[""real-time order-book and oracle events""]",long and short,"[""YES and NO order books"", ""market metadata"", ""fee schedule"", ""collateral"", ""market close time""]",[],"[""oracle velocity"", ""oracle acceleration"", ""strike distance"", ""10m and 60m drift"", ""CVD"", ""open-interest change"", ""order-book imbalance"", ""spread"", ""expiry""]","Buy YES when the external cryptocurrency oracle shows persistent positive velocity and acceleration, price is appropriately positioned relative to the event strike, and optional CVD, open-interest, short-horizon drift, order-book, spread, expiry, and liquidity gates agree. Buy NO on the symmetric bearish setup.","Exit through fee-floored take-profit, time-gated stop-loss, catastrophic loss, momentum decay or reversal, order-book exhaustion, or a near-expiry flatten.",Time-gated percentage stop and catastrophic-loss exit.,Fee-aware take-profit threshold.,not implemented,"Bounded Kelly-like sizing from signal strength and price, subject to collateral and exposure caps.",One-sided YES or NO exposure per event market; no pyramiding beyond configured controls.,FAK taker entry and exit orders at current book prices.,"[""velocity/acceleration thresholds"", ""strike buffer"", ""CVD/OI gates"", ""OBI gates"", ""TP/SL"", ""max hold"", ""expiry buffer""]","Translate persistent external-spot momentum and derivatives confirmation into a YES or NO event-contract purchase, size by bounded conviction, and exit when the move pays, reverses, decays, becomes toxic, or approaches expiry.",No profitability claim relied upon.,No independently verified result used.,Market fee schedule is incorporated in profit thresholds and order parameters.,Current order-book prices are used; market impact and latency are not fully modeled.,repository includes unit and integration tests for several strategy components,live data adapters and ghost-mode facilities are present,No future event outcome is used.,"[""External oracle synchronization and stale ticks can dominate live behavior."", ""Many tunable gates increase overfitting risk.""]",No explicit martingale found.,5,4,3,4,active,2026-08-30,23,9,AGPL-3.0,"Logic can be studied and modified. Network use, redistribution, and commercial deployment may trigger AGPL source-sharing and notice obligations; review the license before reuse.",FAM-PREDICTION-ORACLE-MOMENTUM,
STRAT-0126,FAM-PREDICTION-THETA-CONVERGENCE,Near-Expiry YES-NO Theta Convergence,[],Arbitrage,Near-expiry combined-price convergence,verified from executable source,mbordash/DRADIS,https://github.com/mbordash/DRADIS,src/vipers/time_decay_impl.rs,https://github.com/mbordash/DRADIS/blob/ea43f9b27f0c14c7cc697f73037726c7a09e6a66/src/vipers/time_decay_impl.rs,ea43f9b27f0c14c7cc697f73037726c7a09e6a66,public GitHub source file,reviewed implementation; canonical origin not established,[],Rust,Polymarket-compatible prediction markets,DRADIS custom event-driven engine,"[""prediction markets"", ""cryptocurrency-linked event contracts""]","[""BTC up/down event markets""]","[""real-time order-book and oracle events""]",long and short,"[""YES and NO order books"", ""market metadata"", ""fee schedule"", ""collateral"", ""market close time""]",[],"[""time to expiry"", ""combined YES+NO cost"", ""oracle velocity"", ""oracle drift"", ""book balance"", ""fee-adjusted convergence edge""]","Near market expiry, when oracle velocity and drift are sufficiently quiet and the order book is balanced, place equal-share YES and NO maker bids if their combined price is below the configured convergence threshold and the net edge exceeds fees.","Exit the paired inventory with combined FAK orders when the combined bids converge enough to realize profit, when a dynamic loss threshold is breached, or when the forced expiry window is reached; otherwise allow settlement logic to resolve the pair.",Dynamic combined-position stop plus forced expiry handling.,Combined-bid convergence target after fees.,not implemented,"Equal shares for YES and NO, bounded by collateral and exposure.",Paired YES and NO inventory.,GTC maker bids for entry and FAK pair exits.,"[""entry expiry window"", ""maximum velocity and drift"", ""combined-price threshold"", ""minimum edge"", ""dynamic stop""]","During a quiet near-expiry window, buy both outcomes below settlement value and close the pair as their combined price converges toward one.",No profitability claim relied upon.,No independently verified result used.,Entry and exit fee estimates are included.,Book prices are used; queue and partial-fill risk remain.,repository includes unit and integration tests for several strategy components,live data adapters and ghost-mode facilities are present,No future result is used.,"[""Convergence may fail when one book leg becomes illiquid."", ""Settlement timing and redemption delays are external.""]",No martingale; paired exposure is capped.,5,5,3,4,active,2026-08-30,23,9,AGPL-3.0,"Logic can be studied and modified. Network use, redistribution, and commercial deployment may trigger AGPL source-sharing and notice obligations; review the license before reuse.",FAM-PREDICTION-THETA-CONVERGENCE,
STRAT-0127,FAM-PREDICTION-ANALYTIC-FV,Analytic Binary Fair-Value Reversion,[],Statistical arbitrage,Binary-option fair value versus market price,verified from executable source,mbordash/DRADIS,https://github.com/mbordash/DRADIS,src/vipers/fairvalue_impl.rs,https://github.com/mbordash/DRADIS/blob/ea43f9b27f0c14c7cc697f73037726c7a09e6a66/src/vipers/fairvalue_impl.rs,ea43f9b27f0c14c7cc697f73037726c7a09e6a66,public GitHub source file,reviewed implementation; canonical origin not established,[],Rust,Polymarket-compatible prediction markets,DRADIS custom event-driven engine,"[""prediction markets"", ""cryptocurrency-linked event contracts""]","[""BTC up/down event markets""]","[""real-time order-book and oracle events""]",long and short,"[""YES and NO order books"", ""market metadata"", ""fee schedule"", ""collateral"", ""market close time""]",[],"[""spot versus strike"", ""realized volatility"", ""time to expiry"", ""normal CDF fair value"", ""market ask and bid"", ""model edge"", ""spread""]","Estimate event YES probability with a binary-option-style normal model using spot, strike, realized volatility, and time to expiry. Buy YES when its ask is sufficiently below model fair value after round-trip fees, or buy NO on the symmetric discount. Require a valid strike, stable volatility, minimum model edge, acceptable spread, price bounds, cooldown, and exposure.","Exit at a profit target unless the position is deliberately held for settlement, on an entry-relative model reversal, endgame risk bailout, stop-loss, or catastrophic loss. Some model-confirmation gates can veto a premature stop.","Percentage and catastrophic loss exits, with model-confirmation logic in some branches.",Configured price gain or convergence profit target.,not implemented,One-sided exposure bounded by strategy collateral and maximum exposure.,At most one directional outcome per event market.,FAK entries and exits at order-book prices.,"[""volatility lookback"", ""minimum model edge"", ""fee floor"", ""price limits"", ""TP/SL"", ""expiry bailout""]","Compute a causal binary fair value from spot, strike, volatility, and remaining time, buy the discounted outcome after fees, and close when price or the model converges, reverses, or breaches risk limits.",No profitability claim relied upon.,No independently verified result used.,Round-trip fee estimates are included in the entry edge.,Book prices are used; impact and latency are not fully modeled.,repository includes unit and integration tests for several strategy components,live data adapters and ghost-mode facilities are present,Realized volatility is sampled from past snapshots; no future event outcome is used.,"[""Normal-model assumptions may not fit discrete event markets."", ""Self-sampled volatility can be unstable near expiry.""]",No explicit martingale found.,5,5,3,4,active,2026-08-30,23,9,AGPL-3.0,"Logic can be studied and modified. Network use, redistribution, and commercial deployment may trigger AGPL source-sharing and notice obligations; review the license before reuse.",FAM-PREDICTION-ANALYTIC-FV,
STRAT-0128,FAM-PREDICTION-INSTITUTIONAL-CONVERGENCE,Institutional Pulse and Derivatives Convergence Direction,[],Event-driven and fundamental,Institutional-flow directional event trading,verified from executable source,mbordash/DRADIS,https://github.com/mbordash/DRADIS,src/vipers/convergence_impl.rs,https://github.com/mbordash/DRADIS/blob/ea43f9b27f0c14c7cc697f73037726c7a09e6a66/src/vipers/convergence_impl.rs,ea43f9b27f0c14c7cc697f73037726c7a09e6a66,public GitHub source file,reviewed implementation; canonical origin not established,[],Rust,Polymarket-compatible prediction markets,DRADIS custom event-driven engine,"[""prediction markets"", ""cryptocurrency-linked event contracts""]","[""BTC up/down event markets""]","[""real-time order-book and oracle events""]",long and short,"[""YES and NO order books"", ""market metadata"", ""fee schedule"", ""collateral"", ""market close time""]",[],"[""institutional ETF pulse"", ""tide coherence"", ""CVD ratio"", ""open-interest change"", ""10m/60m drift"", ""velocity"", ""OBI"", ""spread"", ""expiry""]","For BTC-linked markets, buy YES when the institutional ETF or macro pulse is positive, coherence is high, CVD confirms, open interest is building, and 10-minute and 60-minute drift, velocity, order-book, price, persistence, liquidity, and expiry gates agree. Buy NO on the symmetric negative pulse.","Exit on take-profit, stop-loss, catastrophic bid deterioration, pulse reversal, coherence collapse, or the expiry flatten window.",Percentage stop and catastrophic bid exit.,Configured profit target.,not implemented,"Fixed USDC amount, bounded by exposure and collateral gates.",One-sided BTC event-contract position.,FAK orders at current ask for entry and bid for exit.,"[""pulse threshold"", ""coherence threshold"", ""CVD/OI confirmation"", ""drift and velocity gates"", ""TP/SL"", ""expiry buffer""]","Use a coherent institutional-flow pulse confirmed by derivatives and price drift to choose YES or NO, then close when the pulse pays, reverses, loses coherence, or approaches expiry.",No profitability claim relied upon.,No independently verified result used.,Fee bps are carried into order parameters and profitability checks.,Current book prices used; impact and latency not fully simulated.,repository includes unit and integration tests for several strategy components,live data adapters and ghost-mode facilities are present,No future outcome data found.,"[""Institutional pulse construction and data revisions can materially change signals."", ""BTC-only specialization and many gates create selection risk.""]",No explicit martingale found.,5,4,2,3,active,2026-08-30,23,9,AGPL-3.0,"Logic can be studied and modified. Network use, redistribution, and commercial deployment may trigger AGPL source-sharing and notice obligations; review the license before reuse.",FAM-PREDICTION-INSTITUTIONAL-CONVERGENCE,
STRAT-0129,FAM-PREDICTION-BASIS-REVERSION,Retail-Skew and Funding Basis Reversion,[],Mean reversion,Prediction-market skew reversion with funding confirmation,verified from executable source,mbordash/DRADIS,https://github.com/mbordash/DRADIS,src/vipers/basis_impl.rs,https://github.com/mbordash/DRADIS/blob/ea43f9b27f0c14c7cc697f73037726c7a09e6a66/src/vipers/basis_impl.rs,ea43f9b27f0c14c7cc697f73037726c7a09e6a66,public GitHub source file,reviewed implementation; canonical origin not established,[],Rust,Polymarket-compatible prediction markets,DRADIS custom event-driven engine,"[""prediction markets"", ""cryptocurrency-linked event contracts""]","[""BTC up/down event markets""]","[""real-time order-book and oracle events""]",long and short,"[""YES and NO order books"", ""market metadata"", ""fee schedule"", ""collateral"", ""market close time""]",[],"[""YES midpoint skew"", ""oracle distance from strike"", ""funding rate"", ""institutional tide"", ""spread"", ""fees"", ""loss lockout"", ""expiry""]","Measure the YES implied-probability skew while the external cryptocurrency oracle is near the event strike and spot drift is flat. If YES is overpriced, buy NO; if NO is overpriced, buy YES. Require funding confirmation unless the skew is extreme, reject contradictory institutional tide, and apply spread, fee, persistence, cooldown, loss-lockout, collateral, and exposure gates.","Exit on take-profit, stop-loss after a minimum hold, catastrophic mid-price loss, profitable collapse of the skew, or an expiry window when the bid is liquid enough; otherwise hold very thin positions toward settlement.","Regular percentage stop after a minimum hold, catastrophic mid-price stop that can bypass the hold, and post-loss lockout.",Percentage take-profit or profitable skew-collapse exit.,not implemented,Kelly-like size scales with skew magnitude between configured minimum and maximum exposure.,One-sided YES or NO position.,Maker or FAK entry depending on venue configuration; FAK exit with minimum executable-bid floors.,"[""skew threshold"", ""funding threshold"", ""strike buffer"", ""minimum hold"", ""TP/SL"", ""catastrophic stop"", ""expiry bid floor""]","Fade an extreme YES-versus-NO retail skew only in a flat near-strike regime, optionally confirmed by perpetual funding, and close when the skew normalizes, profit or loss thresholds fire, or expiry approaches.",No profitability claim relied upon.,No independently verified result used.,Fees are considered in entry and exit logic.,"Live bid/ask used; thin-book FAK misses are explicitly guarded, but impact is not modeled.",repository includes unit and integration tests for several strategy components,live data adapters and ghost-mode facilities are present,No future event outcome is used.,"[""Funding and prediction-market skew can share common drivers rather than mean-revert independently."", ""Thin bids may force settlement rather than planned exits.""]",No explicit martingale found.,5,5,3,4,active,2026-08-30,23,9,AGPL-3.0,"Logic can be studied and modified. Network use, redistribution, and commercial deployment may trigger AGPL source-sharing and notice obligations; review the license before reuse.",FAM-PREDICTION-BASIS-REVERSION,
STRAT-0130,FAM-PREDICTION-GBOOST,Online Gradient-Boosted Event Direction Strategy,[],Machine learning and adaptive strategies,Online gradient boosting for YES or NO event trades,verified from executable source,mbordash/DRADIS,https://github.com/mbordash/DRADIS,src/vipers/gboost_impl.rs,https://github.com/mbordash/DRADIS/blob/ea43f9b27f0c14c7cc697f73037726c7a09e6a66/src/vipers/gboost_impl.rs,ea43f9b27f0c14c7cc697f73037726c7a09e6a66,public GitHub source file,reviewed implementation; canonical origin not established,[],Rust,Polymarket-compatible prediction markets,DRADIS custom event-driven engine,"[""prediction markets"", ""cryptocurrency-linked event contracts""]","[""BTC up/down event markets""]","[""real-time order-book and oracle events""]",long and short,"[""YES and NO order books"", ""market metadata"", ""fee schedule"", ""collateral"", ""market close time""]",[],"[""30 engineered features"", ""online gradient boosting"", ""P(YES)"", ""concept-drift score"", ""historical volatility"", ""trend drift"", ""strike distance"", ""smoothed OBI"", ""fees""]","Train and periodically retrain an online gradient-boosted classifier on realized trade outcomes and a 30-feature market snapshot. Buy YES when predicted P(UP) exceeds the entry threshold, or NO when it is below the symmetric threshold, only after signal persistence, concept-drift, historical-volatility, trend, strike-distance, order-book imbalance, price, fee, expected-profit, cooldown, collateral, and exposure gates pass.","Exit on percentage take-profit, a time-gated percentage stop, or a model-probability reversal after a minimum hold when the position has either covered minimum costs or is already sufficiently losing. Retraining labels are recorded only when an exit signal is emitted.",Time-gated percentage stop with extended post-loss cooldown.,Configured percentage profit target.,not implemented,"Confidence-proportional and volatility-scaled USDC size, capped by exposure.",One-sided YES or NO per market with market-level hold locks.,FAK orders at current ask for entry and bid for exit.,"[""entry probability threshold"", ""persistence seconds"", ""training budget"", ""tree limit"", ""concept-drift threshold"", ""OBI gates"", ""TP/SL"", ""exposure cap""]","Use an online boosted probability model to choose YES or NO, require persistent confidence and extensive market-quality gates, scale size by confidence and volatility, and close on profit, loss, or a sufficiently strong model reversal.",No profitability claim relied upon.,No independently verified result used.,Round-trip fee estimates are required to clear the minimum expected-net-profit gate.,Current order-book prices are used; latency and impact are not fully modeled.,repository includes unit and integration tests for several strategy components,live data adapters and ghost-mode facilities are present,"Training labels are generated only after exits and entry-time features are preserved, reducing direct label leakage.","[""Endogenous labels from the strategy’s own exits can reinforce regime-specific behavior."", ""Live online retraining, model persistence, and concept-drift logic are complex to reproduce.""]",No martingale; size is capped and volatility scaled.,5,4,2,3,active,2026-08-30,23,9,AGPL-3.0,"Logic can be studied and modified. Network use, redistribution, and commercial deployment may trigger AGPL source-sharing and notice obligations; review the license before reuse.",FAM-PREDICTION-GBOOST,
STRAT-0131,FAM-PEAD-ATTENTION-DISTRACTION,Attention- and Distraction-Filtered PEAD Long-Short Proxy,[],Event-driven and fundamental,Post-earnings drift conditioned on market attention,verified from executable source,aarushisingh470/Post-Earnings-Announcement-Drift,https://github.com/aarushisingh470/Post-Earnings-Announcement-Drift,Notebooks/04_merge_and_generate_report_results.ipynb,https://github.com/aarushisingh470/Post-Earnings-Announcement-Drift/blob/5dfb7db709cd6fc473e462dab7d81bb633772764/Notebooks/04_merge_and_generate_report_results.ipynb,5dfb7db709cd6fc473e462dab7d81bb633772764,public GitHub source file,reviewed implementation; canonical origin not established,"[""https://github.com/aarushisingh470/Post-Earnings-Announcement-Drift/blob/5dfb7db709cd6fc473e462dab7d81bb633772764/Notebooks/02_earnings_events_and_surprise.ipynb""]",Python / Jupyter Notebook,academic notebook,pandas / statsmodels research workflow,"[""equities""]","[""US earnings-announcement equities""]","[""event date"", ""CAR days 2-21""]",long positive surprises and short negative surprises,"[""earnings dates"", ""equity returns"", ""market returns"", ""Google Trends attention"", ""daily count of earnings announcements""]","[""point-in-time analyst surprise data could replace the CAR(0,1) proxy""]","[""announcement CAR(0,1)"", ""surprise quintile"", ""earnings congestion"", ""Google Trends attention"", ""post-event CAR(2,21)""]","For each earnings event, classify surprise using market-adjusted announcement CAR(0,1). Under high earnings-announcement congestion and low Google Trends attention, go long events in the top surprise quintile and short events in the bottom quintile.",Measure or close the event trade over the post-announcement CAR day 2 through day 21 window. Events outside the filtered extremes receive zero strategy weight.,not implemented,not implemented; event window ends at day 21,not implemented,Equal signed event return proxy; executable portfolio sizing is not modeled.,Long top-quintile and short bottom-quintile filtered events.,Research proxy applies the subsequent event-window abnormal return directly rather than simulating orders.,"[""surprise quintiles"", ""high-distraction threshold"", ""low-attention threshold"", ""day 2-21 window""]","Trade only the strongest positive and negative earnings surprises when investor attention is low and many firms report simultaneously, holding over days 2-21.","Notebook reports research statistics, but no profitability claim is treated as independent evidence.",Repository notebook output only.,not modeled,not modeled,not identified,derived public data workflow; raw datasets are not fully bundled,"The strategy uses a forward CAR(2,21) as the measured outcome. The entry filter is reconstructable, but the notebook does not simulate a causal day-2 order and day-21 close.","[""Google Trends data can be revised and may not be point-in-time."", ""Announcement CAR(0,1) is a price-reaction proxy, not a pre-trade accounting surprise."", ""No transaction costs or overlapping-event capital constraints.""]",No explicit martingale found.,3,4,2,4,active,2026-03-01,0,0,No license found,"Study is practical. No clear permissive license was found, so copying, modification, redistribution, and commercial reuse are not automatically permitted.",FAM-PEAD-ATTENTION-DISTRACTION,"Verified as a reproducible research strategy proxy, not as a production execution engine."
STRAT-0132,FAM-PEAD-SUE-LONG-SHORT,SUE-Threshold Long-Short Post-Earnings Drift,[],Event-driven and fundamental,Standardized unexpected earnings long-short,verified from executable source,aladinbouddat/PEAD-Strategy,https://github.com/aladinbouddat/PEAD-Strategy,src/pead_strategy.py,https://github.com/aladinbouddat/PEAD-Strategy/blob/86325f96336bc85178b455d336689fb2438dac00/src/pead_strategy.py,86325f96336bc85178b455d336689fb2438dac00,public GitHub source file,reviewed implementation; canonical origin not established,[],Python,custom event backtest,pandas custom backtester,"[""equities""]","[""US equities"", ""SPY benchmark""]","[""earnings event"", ""daily closes""]",long and short,"[""point-in-time earnings surprises"", ""daily equity prices"", ""SPY prices"", ""3-month Treasury rates"", ""bid-ask data""]",[],"[""standardized unexpected earnings"", ""asymmetric thresholds"", ""asymmetric holding periods"", ""margin and borrow""]","On an earnings announcement, open a fixed-dollar long when SUE is at or above 0.635 and a fixed-dollar short when SUE is below -3.78. Close and reverse an existing opposite position before opening the new one.","Hold longs for 85 calendar days and shorts for 9 calendar days, adjusted to a weekday. A new neutral-surprise event closes an existing position in that ticker.",No price stop.,No price target; positions close after fixed holding periods or a later neutral/opposite event.,not implemented,"Fixed $5,649 notional per event in the reviewed configuration; short positions use 50% margin.","Multiple concurrent ticker positions, subject to available cash and margin.",Entries use announcement-date close; scheduled exits use the close on the adjusted future date.,"[""SUE long 0.635"", ""SUE short -3.78"", ""85-day long hold"", ""9-day short hold"", ""$5649 order"", ""50% margin""]","Buy large positive standardized earnings surprises for 85 days and short very negative surprises for 9 days, using fixed dollars and detailed trading costs.",Repository includes a 1994-2023 result file; it is recorded only as a source claim and not evidence of future profitability.,Repository output/backtest_result.txt and source calculations.,"Models median spread, IB per-share commission and minimum, third-party and pass-through fees, FINRA/SEC fees, and short borrow.",Median bid-ask spread is modeled; additional price impact is not.,not identified,data directory is empty in the repository; required commercial or prepared datasets are external,"The backtester pre-merges the future long and short exit prices into event rows, then schedules their use on the future date. Decisions do not visibly condition on those prices, but the design creates avoidable future-data accessibility and must be reimplemented causally.","[""Entry at announcement-date close ignores whether earnings were released after the close."", ""Survivorship and point-in-time constituent treatment require verification."", ""Thresholds and asymmetric holding periods may be optimized on the full sample.""]",No explicit martingale found.,5,5,2,5,stale but not archived,2025-06-22,0,0,MIT,"Logic can be studied, modified, redistributed, and used commercially under the MIT terms; preserve the copyright and license notice. This is a practical reuse note, not legal advice.",FAM-PEAD-SUE-LONG-SHORT,
STRAT-0133,FAM-CSI1000-SKEW-RR,Delta-Hedged CSI1000 Skew Risk Reversal,[],Options strategies,Long call and short put skew expression with daily delta hedge,verified from executable source,liminglin98/Trading,https://github.com/liminglin98/Trading,analysis/options_lab/csi1000_skew_risk_reversal_backtest.py,https://github.com/liminglin98/Trading/blob/05ae9f3a3735ee42b2f3d78696102e1d9d4fa700/analysis/options_lab/csi1000_skew_risk_reversal_backtest.py,05ae9f3a3735ee42b2f3d78696102e1d9d4fa700,public GitHub source file,reviewed implementation; canonical origin not established,[],Python,custom options research backtest,pandas / Black-Scholes analytics,"[""equity index options"", ""equity indices""]","[""CSI1000 index options""]","[""daily option chain"", ""15-45 DTE""]","long call, short put, dynamically hedged underlying","[""daily option quotes"", ""strikes and expiries"", ""implied volatility or Greeks"", ""underlying or forward proxy""]",[],"[""20-delta put"", ""20-delta call"", ""option-implied forward"", ""daily delta hedge"", ""premium basis"", ""CFFEX margin estimate""]","When flat or after a roll, select a 15-45 DTE option expiry, short a put near 20-delta and buy a call near 20-delta on CSI1000. Establish the risk reversal and hedge the net option delta with the underlying or a forward proxy. Rebalance the hedge daily.","Close or roll at expiry, when total P&L falls below -2.5 times the absolute initial net premium basis, or after 25 days. No profit target is used for the risk reversal.",Close at total P&L <= -2.5 × absolute initial net premium basis.,No profit target for the risk-reversal variant.,not implemented,One matched call-put structure with daily underlying hedge; contract multiplier and margin are source-configured.,"Three-component book: long call, short put, and dynamic delta hedge.",Daily marks and daily hedge rebalancing. The source corrected an earlier exit-timing bug and reports the corrected result.,"[""15-45 DTE"", ""approximately 20-delta legs"", ""2.5x loss stop"", ""25-day max hold"", ""daily hedge""]","Express a bullish skew view by shorting a downside put and buying an upside call, neutralize delta daily, and close on expiry, a large loss, or a 25-day timeout.",The source reports that the corrected risk-reversal backtest produced a negative result; this negative finding is retained rather than filtered out.,Source comments and generated metrics in the repository file.,"Transaction costs, bid-ask spreads, financing, and hedge basis are not fully modeled.",not modeled,research assertions and result checks are embedded; no standalone test suite identified,expects local CSI1000 option datasets,"No deliberate future option prices are used after the exit-timing correction, but daily chain selection and Greek estimation require careful point-in-time data.","[""No option transaction costs or hedge financing."", ""Daily rather than intraday delta hedging understates path and gap risk."", ""Model-implied forwards and IV cleaning can introduce data-selection bias.""]",No martingale; short put and hedge margin can still create substantial tail exposure.,5,5,3,3,active,2026-08-30,0,0,No license found,"Study is practical. No clear permissive license was found, so copying, modification, redistribution, and commercial reuse are not automatically permitted.",FAM-CSI1000-SKEW-RR,
STRAT-0134,FAM-CSI1000-SHORT-STRANGLE,Delta-Hedged CSI1000 Short Strangle Control,[],Options strategies,Delta-hedged volatility-risk-premium control,verified from executable source,liminglin98/Trading,https://github.com/liminglin98/Trading,analysis/options_lab/csi1000_skew_risk_reversal_backtest.py,https://github.com/liminglin98/Trading/blob/05ae9f3a3735ee42b2f3d78696102e1d9d4fa700/analysis/options_lab/csi1000_skew_risk_reversal_backtest.py,05ae9f3a3735ee42b2f3d78696102e1d9d4fa700,public GitHub source file,reviewed implementation; canonical origin not established,[],Python,custom options research backtest,pandas / Black-Scholes analytics,"[""equity index options"", ""equity indices""]","[""CSI1000 index options""]","[""daily option chain"", ""15-45 DTE""]","short call, short put, dynamically hedged underlying","[""daily option quotes"", ""strikes and expiries"", ""Greeks or implied volatility"", ""underlying or forward proxy""]",[],"[""20-delta put"", ""20-delta call"", ""short volatility"", ""daily delta hedge"", ""premium-basis TP and SL""]","When flat or rolling, sell a put near 20-delta and sell a call near 20-delta with 15-45 DTE. Hedge the combined delta with the underlying or a forward proxy and rebalance the hedge daily.","Close at expiry, at a loss of 2.5 times the initial premium basis, at a profit of 0.5 times the basis, or after 25 days.",Close at total P&L <= -2.5 × absolute initial premium basis.,Close at total P&L >= 0.5 × absolute initial premium basis.,not implemented,Matched short call and put with a daily underlying hedge; multiplier and margin are source-configured.,Short strangle plus dynamic delta hedge.,Daily marks and hedge rebalancing.,"[""15-45 DTE"", ""20-delta legs"", ""0.5x profit target"", ""2.5x loss stop"", ""25-day max hold""]","Sell an out-of-the-money call and put, hedge delta daily, and exit at a moderate premium-capture target, a larger loss limit, expiry, or a fixed timeout.",The file uses this strategy as a volatility-risk-premium control; source results are not treated as independent evidence.,Repository source calculations.,"Transaction costs, bid-ask spreads, financing, and borrow are not fully modeled.",not modeled,no standalone test suite identified,expects local CSI1000 option datasets,No explicit future-data use found after the source timing correction.,"[""Unmodeled option spreads and daily hedge trading can reverse apparent edge."", ""Short gamma between daily hedges and overnight gaps is understated.""]",No martingale; both option tails are short and losses can exceed the bar-based stop before the next daily rebalance.,5,5,3,3,active,2026-08-30,0,0,No license found,"Study is practical. No clear permissive license was found, so copying, modification, redistribution, and commercial reuse are not automatically permitted.",FAM-CSI1000-SHORT-STRANGLE,
